Stationsnamn;Stationsnummer;Stationsnät;Mäthöjd (meter över marken)
Luleå Sol;162015;SMHIs stationsnät;2.0

Parameternamn;Beskrivning;Enhet
Global Irradians (svenska stationer);medelvärde 1 timme, 1 gång/tim;watt per square metre

Tidsperiod (fr.o.m);Tidsperiod (t.o.m);Höjd (meter över havet);Latitud (decimalgrader);Longitud (decimalgrader)
1983-01-01 00:00:00;2023-02-28 06:00:00;26.2;65.5436;22.1113

Datum;Tid (UTC);Global Irradians (svenska stationer);Kvalitet;;Tidsutsnitt:
2022-10-21;01:00:00;0.00;G;;Data från senaste fyra månaderna
2022-10-21;02:00:00;0.00;G;;Tidsperiod (fr.o.m.) = 2022-10-21 00:00:01 (UTC)
2022-10-21;03:00:00;0.00;G;;Tidsperiod (t.o.m.) = 2023-02-28 06:00:00 (UTC)
2022-10-21;04:00:00;0.00;G;;Samplingstid = 1 timme
2022-10-21;05:00:00;0.01;G;;Kvalitetskoderna:
2022-10-21;06:00:00;0.75;G;;Grön (G) = Kontrollerade och godkända värden.
2022-10-21;07:00:00;14.98;G;;Gul (Y) = Misstänkta eller aggregerade värden. Grovt kontrollerade arkivdata och okontrollerade realtidsdata (senaste 2 tim).
2022-10-21;08:00:00;46.40;G;;Nätinformation:
2022-10-21;09:00:00;79.24;G;;SMHIs Stationsnät: Data samlas in och lagras i SMHIs databaser. Data kvalitetskontrolleras vilket innebär att felaktiga data korrigeras och att databortfall kompletteras utifrån expertbedömning där det är möjligt. De flesta stationerna övervakas, inspekteras och underhålls löpande av SMHI.
2022-10-21;10:00:00;123.93;G;;Övriga stationer: Data samlas in och lagras i SMHIs databaser. Datakvaliteten är för SMHI okänd då SMHI varken utför kvalitetskontroll på data eller inspektioner på stationerna.
2022-10-21;11:00:00;76.69;G;;Möjliga orsaker till saknade data:
2022-10-21;12:00:00;54.18;G;;- stationen eller givaren har varit ur funktion.
2022-10-21;13:00:00;37.02;G;;- stationen har endast levererat värden med kvalitetskod Röd (R). Dessa levereras ej.
2022-10-21;14:00:00;16.30;G
2022-10-21;15:00:00;3.95;G
2022-10-21;16:00:00;0.72;G
2022-10-21;17:00:00;0.00;G
2022-10-21;18:00:00;0.00;G
2022-10-21;19:00:00;0.00;G
2022-10-21;20:00:00;0.00;G
2022-10-21;21:00:00;0.00;G
2022-10-21;22:00:00;0.00;G
2022-10-21;23:00:00;0.00;G
2022-10-22;00:00:00;0.00;G
2022-10-22;01:00:00;0.00;G
2022-10-22;02:00:00;0.00;G
2022-10-22;03:00:00;0.00;G
2022-10-22;04:00:00;0.00;G
2022-10-22;05:00:00;0.03;G
2022-10-22;06:00:00;1.80;G
2022-10-22;07:00:00;9.44;G
2022-10-22;08:00:00;24.00;G
2022-10-22;09:00:00;53.99;G
2022-10-22;10:00:00;104.02;G
2022-10-22;11:00:00;140.14;G
2022-10-22;12:00:00;152.30;G
2022-10-22;13:00:00;81.34;G
2022-10-22;14:00:00;49.82;G
2022-10-22;15:00:00;4.74;G
2022-10-22;16:00:00;0.41;G
2022-10-22;17:00:00;0.00;G
2022-10-22;18:00:00;0.00;G
2022-10-22;19:00:00;0.00;G
2022-10-22;20:00:00;0.00;G
2022-10-22;21:00:00;0.00;G
2022-10-22;22:00:00;0.00;G
2022-10-22;23:00:00;0.00;G
2022-10-23;00:00:00;0.00;G
2022-10-23;01:00:00;0.00;G
2022-10-23;02:00:00;0.00;G
2022-10-23;03:00:00;0.00;G
2022-10-23;04:00:00;0.00;G
2022-10-23;05:00:00;0.00;G
2022-10-23;06:00:00;1.84;G
2022-10-23;07:00:00;31.83;G
2022-10-23;08:00:00;98.82;G
2022-10-23;09:00:00;159.35;G
2022-10-23;10:00:00;197.82;G
2022-10-23;11:00:00;204.70;G
2022-10-23;12:00:00;183.71;G
2022-10-23;13:00:00;131.83;G
2022-10-23;14:00:00;63.39;G
2022-10-23;15:00:00;9.14;G
2022-10-23;16:00:00;0.19;G
2022-10-23;17:00:00;0.00;G
2022-10-23;18:00:00;0.00;G
2022-10-23;19:00:00;0.00;G
2022-10-23;20:00:00;0.00;G
2022-10-23;21:00:00;0.00;G
2022-10-23;22:00:00;0.00;G
2022-10-23;23:00:00;0.00;G
2022-10-24;00:00:00;0.00;G
2022-10-24;01:00:00;0.00;G
2022-10-24;02:00:00;0.00;G
2022-10-24;03:00:00;0.00;G
2022-10-24;04:00:00;0.00;G
2022-10-24;05:00:00;0.00;G
2022-10-24;06:00:00;1.32;G
2022-10-24;07:00:00;18.46;G
2022-10-24;08:00:00;41.79;G
2022-10-24;09:00:00;74.18;G
2022-10-24;10:00:00;107.82;G
2022-10-24;11:00:00;143.82;G
2022-10-24;12:00:00;134.07;G
2022-10-24;13:00:00;94.13;G
2022-10-24;14:00:00;56.77;G
2022-10-24;15:00:00;10.93;G
2022-10-24;16:00:00;0.02;G
2022-10-24;17:00:00;0.00;G
2022-10-24;18:00:00;0.00;G
2022-10-24;19:00:00;0.00;G
2022-10-24;20:00:00;0.00;G
2022-10-24;21:00:00;0.00;G
2022-10-24;22:00:00;0.00;G
2022-10-24;23:00:00;0.00;G
2022-10-25;00:00:00;0.00;G
2022-10-25;01:00:00;0.00;G
2022-10-25;02:00:00;0.00;G
2022-10-25;03:00:00;0.00;G
2022-10-25;04:00:00;0.00;G
2022-10-25;05:00:00;0.00;G
2022-10-25;06:00:00;0.15;G
2022-10-25;07:00:00;4.23;G
2022-10-25;08:00:00;16.59;G
2022-10-25;09:00:00;30.70;G
2022-10-25;10:00:00;27.67;G
2022-10-25;11:00:00;24.58;G
2022-10-25;12:00:00;45.21;G
2022-10-25;13:00:00;56.79;G
2022-10-25;14:00:00;22.93;G
2022-10-25;15:00:00;4.09;G
2022-10-25;16:00:00;0.02;G
2022-10-25;17:00:00;0.00;G
2022-10-25;18:00:00;0.00;G
2022-10-25;19:00:00;0.00;G
2022-10-25;20:00:00;0.00;G
2022-10-25;21:00:00;0.00;G
2022-10-25;22:00:00;0.00;G
2022-10-25;23:00:00;0.00;G
2022-10-26;00:00:00;0.00;G
2022-10-26;01:00:00;0.00;G
2022-10-26;02:00:00;0.00;G
2022-10-26;03:00:00;0.00;G
2022-10-26;04:00:00;0.00;G
2022-10-26;05:00:00;0.00;G
2022-10-26;06:00:00;0.10;G
2022-10-26;07:00:00;7.54;G
2022-10-26;08:00:00;43.84;G
2022-10-26;09:00:00;71.17;G
2022-10-26;10:00:00;112.81;G
2022-10-26;11:00:00;85.73;G
2022-10-26;12:00:00;48.69;G
2022-10-26;13:00:00;60.39;G
2022-10-26;14:00:00;26.84;G
2022-10-26;15:00:00;3.55;G
2022-10-26;16:00:00;0.24;G
2022-10-26;17:00:00;0.00;G
2022-10-26;18:00:00;0.00;G
2022-10-26;19:00:00;0.00;G
2022-10-26;20:00:00;0.00;G
2022-10-26;21:00:00;0.00;G
2022-10-26;22:00:00;0.00;G
2022-10-26;23:00:00;0.00;G
2022-10-27;00:00:00;0.00;G
2022-10-27;01:00:00;0.00;G
2022-10-27;02:00:00;0.00;G
2022-10-27;03:00:00;0.00;G
2022-10-27;04:00:00;0.00;G
2022-10-27;05:00:00;0.00;G
2022-10-27;06:00:00;0.64;G
2022-10-27;07:00:00;7.77;G
2022-10-27;08:00:00;19.96;G
2022-10-27;09:00:00;30.67;G
2022-10-27;10:00:00;36.81;G
2022-10-27;11:00:00;33.59;G
2022-10-27;12:00:00;22.21;G
2022-10-27;13:00:00;18.79;G
2022-10-27;14:00:00;11.95;G
2022-10-27;15:00:00;0.70;G
2022-10-27;16:00:00;0.00;G
2022-10-27;17:00:00;0.00;G
2022-10-27;18:00:00;0.00;G
2022-10-27;19:00:00;0.00;G
2022-10-27;20:00:00;0.00;G
2022-10-27;21:00:00;0.00;G
2022-10-27;22:00:00;0.00;G
2022-10-27;23:00:00;0.00;G
2022-10-28;00:00:00;0.00;G
2022-10-28;01:00:00;0.00;G
2022-10-28;02:00:00;0.00;G
2022-10-28;03:00:00;0.00;G
2022-10-28;04:00:00;0.00;G
2022-10-28;05:00:00;0.00;G
2022-10-28;06:00:00;0.29;G
2022-10-28;07:00:00;6.43;G
2022-10-28;08:00:00;19.38;G
2022-10-28;09:00:00;38.68;G
2022-10-28;10:00:00;55.29;G
2022-10-28;11:00:00;53.25;G
2022-10-28;12:00:00;138.89;G
2022-10-28;13:00:00;71.91;G
2022-10-28;14:00:00;35.30;G
2022-10-28;15:00:00;4.01;G
2022-10-28;16:00:00;0.12;G
2022-10-28;17:00:00;0.00;G
2022-10-28;18:00:00;0.00;G
2022-10-28;19:00:00;0.00;G
2022-10-28;20:00:00;0.00;G
2022-10-28;21:00:00;0.00;G
2022-10-28;22:00:00;0.00;G
2022-10-28;23:00:00;0.00;G
2022-10-29;00:00:00;0.00;G
2022-10-29;01:00:00;0.00;G
2022-10-29;02:00:00;0.00;G
2022-10-29;03:00:00;0.00;G
2022-10-29;04:00:00;0.00;G
2022-10-29;05:00:00;0.00;G
2022-10-29;06:00:00;0.76;G
2022-10-29;07:00:00;1.85;G
2022-10-29;08:00:00;5.14;G
2022-10-29;09:00:00;12.03;G
2022-10-29;10:00:00;30.31;G
2022-10-29;11:00:00;39.15;G
2022-10-29;12:00:00;41.25;G
2022-10-29;13:00:00;65.24;G
2022-10-29;14:00:00;27.28;G
2022-10-29;15:00:00;3.04;G
2022-10-29;16:00:00;0.01;G
2022-10-29;17:00:00;0.00;G
2022-10-29;18:00:00;0.00;G
2022-10-29;19:00:00;0.00;G
2022-10-29;20:00:00;0.00;G
2022-10-29;21:00:00;0.00;G
2022-10-29;22:00:00;0.00;G
2022-10-29;23:00:00;0.00;G
2022-10-30;00:00:00;0.00;G
2022-10-30;01:00:00;0.00;G
2022-10-30;02:00:00;0.00;G
2022-10-30;03:00:00;0.00;G
2022-10-30;04:00:00;0.00;G
2022-10-30;05:00:00;0.00;G
2022-10-30;06:00:00;0.98;G
2022-10-30;07:00:00;6.46;G
2022-10-30;08:00:00;18.67;G
2022-10-30;09:00:00;31.45;G
2022-10-30;10:00:00;73.71;G
2022-10-30;11:00:00;67.22;G
2022-10-30;12:00:00;53.32;G
2022-10-30;13:00:00;83.58;G
2022-10-30;14:00:00;19.92;G
2022-10-30;15:00:00;2.80;G
2022-10-30;16:00:00;0.35;G
2022-10-30;17:00:00;0.00;G
2022-10-30;18:00:00;0.00;G
2022-10-30;19:00:00;0.00;G
2022-10-30;20:00:00;0.00;G
2022-10-30;21:00:00;0.00;G
2022-10-30;22:00:00;0.00;G
2022-10-30;23:00:00;0.00;G
2022-10-31;00:00:00;0.00;G
2022-10-31;01:00:00;0.00;G
2022-10-31;02:00:00;0.00;G
2022-10-31;03:00:00;0.00;G
2022-10-31;04:00:00;0.00;G
2022-10-31;05:00:00;0.00;G
2022-10-31;06:00:00;0.02;G
2022-10-31;07:00:00;6.93;G
2022-10-31;08:00:00;47.72;G
2022-10-31;09:00:00;112.04;G
2022-10-31;10:00:00;143.06;G
2022-10-31;11:00:00;139.94;G
2022-10-31;12:00:00;88.68;G
2022-10-31;13:00:00;39.29;G
2022-10-31;14:00:00;11.00;G
2022-10-31;15:00:00;0.08;G
2022-10-31;16:00:00;0.00;G
2022-10-31;17:00:00;0.00;G
2022-10-31;18:00:00;0.00;G
2022-10-31;19:00:00;0.00;G
2022-10-31;20:00:00;0.00;G
2022-10-31;21:00:00;0.00;G
2022-10-31;22:00:00;0.00;G
2022-10-31;23:00:00;0.00;G
2022-11-01;00:00:00;0.00;G
2022-11-01;01:00:00;0.00;G
2022-11-01;02:00:00;0.00;G
2022-11-01;03:00:00;0.00;G
2022-11-01;04:00:00;0.00;G
2022-11-01;05:00:00;0.00;G
2022-11-01;06:00:00;0.08;G
2022-11-01;07:00:00;7.96;G
2022-11-01;08:00:00;42.79;G
2022-11-01;09:00:00;103.75;G
2022-11-01;10:00:00;136.57;G
2022-11-01;11:00:00;143.76;G
2022-11-01;12:00:00;122.89;G
2022-11-01;13:00:00;75.74;G
2022-11-01;14:00:00;24.51;G
2022-11-01;15:00:00;1.29;G
2022-11-01;16:00:00;0.00;G
2022-11-01;17:00:00;0.00;G
2022-11-01;18:00:00;0.00;G
2022-11-01;19:00:00;0.00;G
2022-11-01;20:00:00;0.00;G
2022-11-01;21:00:00;0.00;G
2022-11-01;22:00:00;0.00;G
2022-11-01;23:00:00;0.00;G
2022-11-02;00:00:00;0.00;G
2022-11-02;01:00:00;0.00;G
2022-11-02;02:00:00;0.00;G
2022-11-02;03:00:00;0.00;G
2022-11-02;04:00:00;0.00;G
2022-11-02;05:00:00;0.00;G
2022-11-02;06:00:00;0.20;G
2022-11-02;07:00:00;1.57;G
2022-11-02;08:00:00;11.19;G
2022-11-02;09:00:00;19.26;G
2022-11-02;10:00:00;23.93;G
2022-11-02;11:00:00;27.81;G
2022-11-02;12:00:00;24.16;G
2022-11-02;13:00:00;8.23;G
2022-11-02;14:00:00;3.35;G
2022-11-02;15:00:00;0.45;G
2022-11-02;16:00:00;0.00;G
2022-11-02;17:00:00;0.00;G
2022-11-02;18:00:00;0.00;G
2022-11-02;19:00:00;0.00;G
2022-11-02;20:00:00;0.00;G
2022-11-02;21:00:00;0.00;G
2022-11-02;22:00:00;0.00;G
2022-11-02;23:00:00;0.00;G
2022-11-03;00:00:00;0.00;G
2022-11-03;01:00:00;0.00;G
2022-11-03;02:00:00;0.00;G
2022-11-03;03:00:00;0.00;G
2022-11-03;04:00:00;0.00;G
2022-11-03;05:00:00;0.00;G
2022-11-03;06:00:00;0.22;G
2022-11-03;07:00:00;1.46;G
2022-11-03;08:00:00;8.24;G
2022-11-03;09:00:00;21.98;G
2022-11-03;10:00:00;21.97;G
2022-11-03;11:00:00;16.64;G
2022-11-03;12:00:00;15.08;G
2022-11-03;13:00:00;9.95;G
2022-11-03;14:00:00;1.65;G
2022-11-03;15:00:00;0.00;G
2022-11-03;16:00:00;0.00;G
2022-11-03;17:00:00;0.00;G
2022-11-03;18:00:00;0.00;G
2022-11-03;19:00:00;0.00;G
2022-11-03;20:00:00;0.00;G
2022-11-03;21:00:00;0.00;G
2022-11-03;22:00:00;0.00;G
2022-11-03;23:00:00;0.00;G
2022-11-04;00:00:00;0.00;G
2022-11-04;01:00:00;0.00;G
2022-11-04;02:00:00;0.00;G
2022-11-04;03:00:00;0.00;G
2022-11-04;04:00:00;0.00;G
2022-11-04;05:00:00;0.00;G
2022-11-04;06:00:00;0.20;G
2022-11-04;07:00:00;2.08;G
2022-11-04;08:00:00;10.28;G
2022-11-04;09:00:00;15.17;G
2022-11-04;10:00:00;21.53;G
2022-11-04;11:00:00;21.58;G
2022-11-04;12:00:00;31.16;G
2022-11-04;13:00:00;24.57;G
2022-11-04;14:00:00;7.72;G
2022-11-04;15:00:00;0.44;G
2022-11-04;16:00:00;0.00;G
2022-11-04;17:00:00;0.00;G
2022-11-04;18:00:00;0.00;G
2022-11-04;19:00:00;0.00;G
2022-11-04;20:00:00;0.00;G
2022-11-04;21:00:00;0.00;G
2022-11-04;22:00:00;0.00;G
2022-11-04;23:00:00;0.00;G
2022-11-05;00:00:00;0.00;G
2022-11-05;01:00:00;0.00;G
2022-11-05;02:00:00;0.00;G
2022-11-05;03:00:00;0.00;G
2022-11-05;04:00:00;0.00;G
2022-11-05;05:00:00;0.00;G
2022-11-05;06:00:00;0.03;G
2022-11-05;07:00:00;1.78;G
2022-11-05;08:00:00;8.61;G
2022-11-05;09:00:00;19.25;G
2022-11-05;10:00:00;30.62;G
2022-11-05;11:00:00;19.62;G
2022-11-05;12:00:00;15.53;G
2022-11-05;13:00:00;6.02;G
2022-11-05;14:00:00;2.39;G
2022-11-05;15:00:00;0.37;G
2022-11-05;16:00:00;0.00;G
2022-11-05;17:00:00;0.00;G
2022-11-05;18:00:00;0.00;G
2022-11-05;19:00:00;0.00;G
2022-11-05;20:00:00;0.00;G
2022-11-05;21:00:00;0.00;G
2022-11-05;22:00:00;0.00;G
2022-11-05;23:00:00;0.00;G
2022-11-06;00:00:00;0.00;G
2022-11-06;01:00:00;0.00;G
2022-11-06;02:00:00;0.00;G
2022-11-06;03:00:00;0.00;G
2022-11-06;04:00:00;0.00;G
2022-11-06;05:00:00;0.00;G
2022-11-06;06:00:00;0.00;G
2022-11-06;07:00:00;1.68;G
2022-11-06;08:00:00;10.71;G
2022-11-06;09:00:00;25.88;G
2022-11-06;10:00:00;36.64;G
2022-11-06;11:00:00;38.65;G
2022-11-06;12:00:00;31.83;G
2022-11-06;13:00:00;18.35;G
2022-11-06;14:00:00;5.10;G
2022-11-06;15:00:00;0.00;G
2022-11-06;16:00:00;0.00;Y
2022-11-06;17:00:00;0.00;G
2022-11-06;18:00:00;0.00;G
2022-11-06;19:00:00;0.00;G
2022-11-06;20:00:00;0.00;G
2022-11-06;21:00:00;0.00;G
2022-11-06;22:00:00;0.00;G
2022-11-06;23:00:00;0.00;G
2022-11-07;00:00:00;0.00;G
2022-11-07;01:00:00;0.00;G
2022-11-07;02:00:00;0.00;G
2022-11-07;03:00:00;0.00;G
2022-11-07;04:00:00;0.00;G
2022-11-07;05:00:00;0.00;G
2022-11-07;06:00:00;0.00;G
2022-11-07;07:00:00;2.21;G
2022-11-07;08:00:00;14.70;G
2022-11-07;09:00:00;39.56;G
2022-11-07;10:00:00;55.96;G
2022-11-07;11:00:00;57.03;G
2022-11-07;12:00:00;48.47;G
2022-11-07;13:00:00;30.88;G
2022-11-07;14:00:00;10.54;G
2022-11-07;15:00:00;0.00;G
2022-11-07;16:00:00;0.00;G
2022-11-07;17:00:00;0.00;G
2022-11-07;18:00:00;0.00;G
2022-11-07;19:00:00;0.00;G
2022-11-07;20:00:00;0.00;G
2022-11-07;21:00:00;0.00;G
2022-11-07;22:00:00;0.00;G
2022-11-07;23:00:00;0.00;G
2022-11-08;00:00:00;0.00;G
2022-11-08;01:00:00;0.00;G
2022-11-08;02:00:00;0.00;G
2022-11-08;03:00:00;0.00;G
2022-11-08;04:00:00;0.00;G
2022-11-08;05:00:00;0.00;G
2022-11-08;06:00:00;0.00;G
2022-11-08;07:00:00;1.84;G
2022-11-08;08:00:00;16.79;G
2022-11-08;09:00:00;38.27;G
2022-11-08;10:00:00;42.88;G
2022-11-08;11:00:00;37.05;G
2022-11-08;12:00:00;31.07;G
2022-11-08;13:00:00;17.98;G
2022-11-08;14:00:00;4.42;G
2022-11-08;15:00:00;0.00;G
2022-11-08;16:00:00;0.00;G
2022-11-08;17:00:00;0.00;G
2022-11-08;18:00:00;0.00;G
2022-11-08;19:00:00;0.00;G
2022-11-08;20:00:00;0.00;G
2022-11-08;21:00:00;0.00;G
2022-11-08;22:00:00;0.00;G
2022-11-08;23:00:00;0.00;G
2022-11-09;00:00:00;0.00;G
2022-11-09;01:00:00;0.00;G
2022-11-09;02:00:00;0.00;G
2022-11-09;03:00:00;0.00;G
2022-11-09;04:00:00;0.00;G
2022-11-09;05:00:00;0.00;G
2022-11-09;06:00:00;0.00;G
2022-11-09;07:00:00;0.50;G
2022-11-09;08:00:00;9.08;G
2022-11-09;09:00:00;28.95;G
2022-11-09;10:00:00;49.66;G
2022-11-09;11:00:00;48.94;G
2022-11-09;12:00:00;45.53;G
2022-11-09;13:00:00;32.79;G
2022-11-09;14:00:00;6.91;G
2022-11-09;15:00:00;0.00;G
2022-11-09;16:00:00;0.00;G
2022-11-09;17:00:00;0.00;G
2022-11-09;18:00:00;0.00;G
2022-11-09;19:00:00;0.00;G
2022-11-09;20:00:00;0.00;G
2022-11-09;21:00:00;0.00;G
2022-11-09;22:00:00;0.00;G
2022-11-09;23:00:00;0.00;G
2022-11-10;00:00:00;0.00;G
2022-11-10;01:00:00;0.00;G
2022-11-10;02:00:00;0.00;G
2022-11-10;03:00:00;0.00;G
2022-11-10;04:00:00;0.00;G
2022-11-10;05:00:00;0.00;G
2022-11-10;06:00:00;0.00;G
2022-11-10;07:00:00;0.26;G
2022-11-10;08:00:00;7.35;G
2022-11-10;09:00:00;28.85;G
2022-11-10;10:00:00;50.90;G
2022-11-10;11:00:00;46.89;G
2022-11-10;12:00:00;34.22;G
2022-11-10;13:00:00;21.19;G
2022-11-10;14:00:00;4.72;G
2022-11-10;15:00:00;0.00;G
2022-11-10;16:00:00;0.00;G
2022-11-10;17:00:00;0.00;G
2022-11-10;18:00:00;0.00;G
2022-11-10;19:00:00;0.00;G
2022-11-10;20:00:00;0.00;G
2022-11-10;21:00:00;0.00;G
2022-11-10;22:00:00;0.00;G
2022-11-10;23:00:00;0.00;G
2022-11-11;00:00:00;0.00;G
2022-11-11;01:00:00;0.00;G
2022-11-11;02:00:00;0.00;G
2022-11-11;03:00:00;0.00;G
2022-11-11;04:00:00;0.00;G
2022-11-11;05:00:00;0.00;G
2022-11-11;06:00:00;0.00;G
2022-11-11;07:00:00;0.00;G
2022-11-11;08:00:00;18.92;G
2022-11-11;09:00:00;57.71;G
2022-11-11;10:00:00;86.78;G
2022-11-11;11:00:00;92.66;G
2022-11-11;12:00:00;74.02;G
2022-11-11;13:00:00;36.90;G
2022-11-11;14:00:00;7.53;G
2022-11-11;15:00:00;0.00;G
2022-11-11;16:00:00;0.00;G
2022-11-11;17:00:00;0.00;G
2022-11-11;18:00:00;0.00;G
2022-11-11;19:00:00;0.00;G
2022-11-11;20:00:00;0.00;G
2022-11-11;21:00:00;0.00;G
2022-11-11;22:00:00;0.00;G
2022-11-11;23:00:00;0.00;G
2022-11-12;00:00:00;0.00;G
2022-11-12;01:00:00;0.00;G
2022-11-12;02:00:00;0.00;G
2022-11-12;03:00:00;0.00;G
2022-11-12;04:00:00;0.00;G
2022-11-12;05:00:00;0.00;G
2022-11-12;06:00:00;0.00;G
2022-11-12;07:00:00;0.00;G
2022-11-12;08:00:00;14.12;G
2022-11-12;09:00:00;51.37;G
2022-11-12;10:00:00;84.26;G
2022-11-12;11:00:00;90.57;G
2022-11-12;12:00:00;71.62;G
2022-11-12;13:00:00;34.49;G
2022-11-12;14:00:00;6.43;G
2022-11-12;15:00:00;0.00;G
2022-11-12;16:00:00;0.00;G
2022-11-12;17:00:00;0.00;G
2022-11-12;18:00:00;0.00;G
2022-11-12;19:00:00;0.00;G
2022-11-12;20:00:00;0.00;G
2022-11-12;21:00:00;0.00;G
2022-11-12;22:00:00;0.00;G
2022-11-12;23:00:00;0.00;G
2022-11-13;00:00:00;0.00;G
2022-11-13;01:00:00;0.00;G
2022-11-13;02:00:00;0.00;G
2022-11-13;03:00:00;0.00;G
2022-11-13;04:00:00;0.00;G
2022-11-13;05:00:00;0.00;G
2022-11-13;06:00:00;0.00;G
2022-11-13;07:00:00;0.00;G
2022-11-13;08:00:00;15.32;G
2022-11-13;09:00:00;49.87;G
2022-11-13;10:00:00;78.60;G
2022-11-13;11:00:00;85.08;G
2022-11-13;12:00:00;66.72;G
2022-11-13;13:00:00;30.94;G
2022-11-13;14:00:00;5.23;G
2022-11-13;15:00:00;0.00;G
2022-11-13;16:00:00;0.00;G
2022-11-13;17:00:00;0.00;G
2022-11-13;18:00:00;0.00;G
2022-11-13;19:00:00;0.00;G
2022-11-13;20:00:00;0.00;G
2022-11-13;21:00:00;0.00;G
2022-11-13;22:00:00;0.00;G
2022-11-13;23:00:00;0.00;G
2022-11-14;00:00:00;0.00;G
2022-11-14;01:00:00;0.00;G
2022-11-14;02:00:00;0.00;G
2022-11-14;03:00:00;0.00;G
2022-11-14;04:00:00;0.00;G
2022-11-14;05:00:00;0.00;G
2022-11-14;06:00:00;0.00;G
2022-11-14;07:00:00;0.00;G
2022-11-14;08:00:00;13.82;G
2022-11-14;09:00:00;46.96;G
2022-11-14;10:00:00;75.90;G
2022-11-14;11:00:00;82.32;G
2022-11-14;12:00:00;63.87;G
2022-11-14;13:00:00;28.58;G
2022-11-14;14:00:00;4.27;G
2022-11-14;15:00:00;0.00;G
2022-11-14;16:00:00;0.00;G
2022-11-14;17:00:00;0.00;G
2022-11-14;18:00:00;0.00;G
2022-11-14;19:00:00;0.00;G
2022-11-14;20:00:00;0.00;G
2022-11-14;21:00:00;0.00;G
2022-11-14;22:00:00;0.00;G
2022-11-14;23:00:00;0.00;G
2022-11-15;00:00:00;0.00;G
2022-11-15;01:00:00;0.00;G
2022-11-15;02:00:00;0.00;G
2022-11-15;03:00:00;0.00;G
2022-11-15;04:00:00;0.00;G
2022-11-15;05:00:00;0.00;G
2022-11-15;06:00:00;0.00;G
2022-11-15;07:00:00;0.00;G
2022-11-15;08:00:00;11.98;G
2022-11-15;09:00:00;41.27;G
2022-11-15;10:00:00;63.22;G
2022-11-15;11:00:00;66.02;G
2022-11-15;12:00:00;54.87;G
2022-11-15;13:00:00;25.57;G
2022-11-15;14:00:00;2.80;G
2022-11-15;15:00:00;0.00;G
2022-11-15;16:00:00;0.00;G
2022-11-15;17:00:00;0.00;G
2022-11-15;18:00:00;0.00;G
2022-11-15;19:00:00;0.00;G
2022-11-15;20:00:00;0.00;G
2022-11-15;21:00:00;0.00;G
2022-11-15;22:00:00;0.00;G
2022-11-15;23:00:00;0.00;G
2022-11-16;00:00:00;0.00;G
2022-11-16;01:00:00;0.00;G
2022-11-16;02:00:00;0.00;G
2022-11-16;03:00:00;0.00;G
2022-11-16;04:00:00;0.00;G
2022-11-16;05:00:00;0.00;G
2022-11-16;06:00:00;0.00;G
2022-11-16;07:00:00;0.00;G
2022-11-16;08:00:00;10.25;G
2022-11-16;09:00:00;39.20;G
2022-11-16;10:00:00;64.56;G
2022-11-16;11:00:00;67.07;G
2022-11-16;12:00:00;52.82;G
2022-11-16;13:00:00;24.10;G
2022-11-16;14:00:00;2.72;G
2022-11-16;15:00:00;0.00;G
2022-11-16;16:00:00;0.00;G
2022-11-16;17:00:00;0.00;G
2022-11-16;18:00:00;0.00;G
2022-11-16;19:00:00;0.00;G
2022-11-16;20:00:00;0.00;G
2022-11-16;21:00:00;0.00;G
2022-11-16;22:00:00;0.00;G
2022-11-16;23:00:00;0.00;G
2022-11-17;00:00:00;0.00;G
2022-11-17;01:00:00;0.00;G
2022-11-17;02:00:00;0.00;G
2022-11-17;03:00:00;0.00;G
2022-11-17;04:00:00;0.00;G
2022-11-17;05:00:00;0.00;G
2022-11-17;06:00:00;0.00;G
2022-11-17;07:00:00;0.00;G
2022-11-17;08:00:00;3.74;G
2022-11-17;09:00:00;14.46;G
2022-11-17;10:00:00;24.22;G
2022-11-17;11:00:00;26.73;G
2022-11-17;12:00:00;20.93;G
2022-11-17;13:00:00;8.39;G
2022-11-17;14:00:00;0.69;G
2022-11-17;15:00:00;0.00;G
2022-11-17;16:00:00;0.00;G
2022-11-17;17:00:00;0.00;G
2022-11-17;18:00:00;0.00;G
2022-11-17;19:00:00;0.00;G
2022-11-17;20:00:00;0.00;G
2022-11-17;21:00:00;0.00;G
2022-11-17;22:00:00;0.00;G
2022-11-17;23:00:00;0.00;G
2022-11-18;00:00:00;0.00;G
2022-11-18;01:00:00;0.00;G
2022-11-18;02:00:00;0.00;G
2022-11-18;03:00:00;0.00;G
2022-11-18;04:00:00;0.00;G
2022-11-18;05:00:00;0.00;G
2022-11-18;06:00:00;0.00;G
2022-11-18;07:00:00;0.00;G
2022-11-18;08:00:00;2.94;G
2022-11-18;09:00:00;11.55;G
2022-11-18;10:00:00;25.72;G
2022-11-18;11:00:00;37.89;G
2022-11-18;12:00:00;27.20;G
2022-11-18;13:00:00;6.82;G
2022-11-18;14:00:00;0.40;G
2022-11-18;15:00:00;0.00;G
2022-11-18;16:00:00;0.00;G
2022-11-18;17:00:00;0.00;G
2022-11-18;18:00:00;0.00;G
2022-11-18;19:00:00;0.00;G
2022-11-18;20:00:00;0.00;G
2022-11-18;21:00:00;0.00;G
2022-11-18;22:00:00;0.00;G
2022-11-18;23:00:00;0.00;G
2022-11-19;00:00:00;0.00;G
2022-11-19;01:00:00;0.00;G
2022-11-19;02:00:00;0.00;G
2022-11-19;03:00:00;0.00;G
2022-11-19;04:00:00;0.00;G
2022-11-19;05:00:00;0.00;G
2022-11-19;06:00:00;0.00;G
2022-11-19;07:00:00;0.00;G
2022-11-19;08:00:00;2.30;G
2022-11-19;09:00:00;11.42;G
2022-11-19;10:00:00;21.71;G
2022-11-19;11:00:00;23.73;G
2022-11-19;12:00:00;17.15;G
2022-11-19;13:00:00;6.27;G
2022-11-19;14:00:00;0.26;G
2022-11-19;15:00:00;0.00;G
2022-11-19;16:00:00;0.00;G
2022-11-19;17:00:00;0.00;G
2022-11-19;18:00:00;0.00;G
2022-11-19;19:00:00;0.00;G
2022-11-19;20:00:00;0.00;G
2022-11-19;21:00:00;0.00;G
2022-11-19;22:00:00;0.00;G
2022-11-19;23:00:00;0.00;G
2022-11-20;00:00:00;0.00;G
2022-11-20;01:00:00;0.00;G
2022-11-20;02:00:00;0.00;G
2022-11-20;03:00:00;0.00;G
2022-11-20;04:00:00;0.00;G
2022-11-20;05:00:00;0.00;G
2022-11-20;06:00:00;0.00;G
2022-11-20;07:00:00;0.00;G
2022-11-20;08:00:00;2.75;G
2022-11-20;09:00:00;10.41;G
2022-11-20;10:00:00;18.79;G
2022-11-20;11:00:00;21.48;G
2022-11-20;12:00:00;16.01;G
2022-11-20;13:00:00;5.66;G
2022-11-20;14:00:00;0.00;G
2022-11-20;15:00:00;0.00;G
2022-11-20;16:00:00;0.00;G
2022-11-20;17:00:00;0.00;G
2022-11-20;18:00:00;0.00;G
2022-11-20;19:00:00;0.00;G
2022-11-20;20:00:00;0.00;G
2022-11-20;21:00:00;0.00;G
2022-11-20;22:00:00;0.00;G
2022-11-20;23:00:00;0.00;G
2022-11-21;00:00:00;0.00;G
2022-11-21;01:00:00;0.00;Y
2022-11-21;02:00:00;0.00;G
2022-11-21;03:00:00;0.00;G
2022-11-21;04:00:00;0.00;G
2022-11-21;05:00:00;0.00;G
2022-11-21;06:00:00;0.00;G
2022-11-21;07:00:00;0.58;G
2022-11-21;08:00:00;2.43;G
2022-11-21;09:00:00;10.04;G
2022-11-21;10:00:00;18.46;G
2022-11-21;11:00:00;18.79;G
2022-11-21;12:00:00;13.34;G
2022-11-21;13:00:00;5.25;G
2022-11-21;14:00:00;0.57;G
2022-11-21;15:00:00;0.00;G
2022-11-21;16:00:00;0.00;G
2022-11-21;17:00:00;0.00;G
2022-11-21;18:00:00;0.00;G
2022-11-21;19:00:00;0.00;G
2022-11-21;20:00:00;0.00;G
2022-11-21;21:00:00;0.00;G
2022-11-21;22:00:00;0.00;G
2022-11-21;23:00:00;0.00;G
2022-11-22;00:00:00;0.00;G
2022-11-22;01:00:00;0.00;G
2022-11-22;02:00:00;0.00;G
2022-11-22;03:00:00;0.00;G
2022-11-22;04:00:00;0.00;G
2022-11-22;05:00:00;0.00;G
2022-11-22;06:00:00;0.00;G
2022-11-22;07:00:00;0.29;G
2022-11-22;08:00:00;3.13;G
2022-11-22;09:00:00;13.63;G
2022-11-22;10:00:00;26.27;G
2022-11-22;11:00:00;33.86;G
2022-11-22;12:00:00;21.14;G
2022-11-22;13:00:00;9.62;G
2022-11-22;14:00:00;1.28;G
2022-11-22;15:00:00;0.00;G
2022-11-22;16:00:00;0.00;G
2022-11-22;17:00:00;0.00;G
2022-11-22;18:00:00;0.00;G
2022-11-22;19:00:00;0.00;G
2022-11-22;20:00:00;0.00;G
2022-11-22;21:00:00;0.00;G
2022-11-22;22:00:00;0.00;G
2022-11-22;23:00:00;0.00;G
2022-11-23;00:00:00;0.00;G
2022-11-23;01:00:00;0.00;G
2022-11-23;02:00:00;0.00;G
2022-11-23;03:00:00;0.00;G
2022-11-23;04:00:00;0.00;G
2022-11-23;05:00:00;0.00;G
2022-11-23;06:00:00;0.00;G
2022-11-23;07:00:00;0.25;G
2022-11-23;08:00:00;1.91;G
2022-11-23;09:00:00;6.72;G
2022-11-23;10:00:00;11.11;G
2022-11-23;11:00:00;14.15;G
2022-11-23;12:00:00;9.95;G
2022-11-23;13:00:00;3.58;G
2022-11-23;14:00:00;0.83;G
2022-11-23;15:00:00;0.14;G
2022-11-23;16:00:00;0.00;G
2022-11-23;17:00:00;0.00;G
2022-11-23;18:00:00;0.00;G
2022-11-23;19:00:00;0.00;G
2022-11-23;20:00:00;0.00;G
2022-11-23;21:00:00;0.00;G
2022-11-23;22:00:00;0.00;G
2022-11-23;23:00:00;0.00;G
2022-11-24;00:00:00;0.00;G
2022-11-24;01:00:00;0.00;G
2022-11-24;02:00:00;0.00;G
2022-11-24;03:00:00;0.00;G
2022-11-24;04:00:00;0.00;G
2022-11-24;05:00:00;0.00;G
2022-11-24;06:00:00;0.00;G
2022-11-24;07:00:00;0.27;G
2022-11-24;08:00:00;1.46;G
2022-11-24;09:00:00;5.90;G
2022-11-24;10:00:00;10.00;G
2022-11-24;11:00:00;8.80;G
2022-11-24;12:00:00;10.57;G
2022-11-24;13:00:00;4.86;G
2022-11-24;14:00:00;0.34;G
2022-11-24;15:00:00;0.00;G
2022-11-24;16:00:00;0.00;G
2022-11-24;17:00:00;0.00;G
2022-11-24;18:00:00;0.00;G
2022-11-24;19:00:00;0.00;G
2022-11-24;20:00:00;0.00;G
2022-11-24;21:00:00;0.00;G
2022-11-24;22:00:00;0.00;G
2022-11-24;23:00:00;0.00;G
2022-11-25;00:00:00;0.00;G
2022-11-25;01:00:00;0.00;G
2022-11-25;02:00:00;0.00;G
2022-11-25;03:00:00;0.00;G
2022-11-25;04:00:00;0.00;G
2022-11-25;05:00:00;0.00;G
2022-11-25;06:00:00;0.00;G
2022-11-25;07:00:00;0.29;G
2022-11-25;08:00:00;1.36;G
2022-11-25;09:00:00;5.34;G
2022-11-25;10:00:00;9.54;G
2022-11-25;11:00:00;13.16;G
2022-11-25;12:00:00;13.88;G
2022-11-25;13:00:00;5.43;G
2022-11-25;14:00:00;0.82;G
2022-11-25;15:00:00;0.03;G
2022-11-25;16:00:00;0.00;G
2022-11-25;17:00:00;0.00;G
2022-11-25;18:00:00;0.00;G
2022-11-25;19:00:00;0.00;G
2022-11-25;20:00:00;0.00;G
2022-11-25;21:00:00;0.00;G
2022-11-25;22:00:00;0.00;G
2022-11-25;23:00:00;0.00;G
2022-11-26;00:00:00;0.00;G
2022-11-26;01:00:00;0.00;G
2022-11-26;02:00:00;0.00;G
2022-11-26;03:00:00;0.00;G
2022-11-26;04:00:00;0.00;G
2022-11-26;05:00:00;0.00;G
2022-11-26;06:00:00;0.00;G
2022-11-26;07:00:00;0.10;G
2022-11-26;08:00:00;1.76;G
2022-11-26;09:00:00;9.71;G
2022-11-26;10:00:00;12.18;G
2022-11-26;11:00:00;13.07;G
2022-11-26;12:00:00;14.47;G
2022-11-26;13:00:00;4.27;G
2022-11-26;14:00:00;0.52;G
2022-11-26;15:00:00;0.04;G
2022-11-26;16:00:00;0.00;G
2022-11-26;17:00:00;0.00;G
2022-11-26;18:00:00;0.00;G
2022-11-26;19:00:00;0.00;G
2022-11-26;20:00:00;0.00;G
2022-11-26;21:00:00;0.00;G
2022-11-26;22:00:00;0.00;G
2022-11-26;23:00:00;0.00;G
2022-11-27;00:00:00;0.00;G
2022-11-27;01:00:00;0.00;G
2022-11-27;02:00:00;0.00;G
2022-11-27;03:00:00;0.00;G
2022-11-27;04:00:00;0.00;G
2022-11-27;05:00:00;0.00;G
2022-11-27;06:00:00;0.00;G
2022-11-27;07:00:00;0.00;G
2022-11-27;08:00:00;0.50;G
2022-11-27;09:00:00;2.99;G
2022-11-27;10:00:00;6.89;G
2022-11-27;11:00:00;7.76;G
2022-11-27;12:00:00;6.42;G
2022-11-27;13:00:00;2.29;G
2022-11-27;14:00:00;0.29;G
2022-11-27;15:00:00;0.01;G
2022-11-27;16:00:00;0.00;G
2022-11-27;17:00:00;0.00;G
2022-11-27;18:00:00;0.00;G
2022-11-27;19:00:00;0.00;G
2022-11-27;20:00:00;0.00;G
2022-11-27;21:00:00;0.00;G
2022-11-27;22:00:00;0.00;G
2022-11-27;23:00:00;0.00;G
2022-11-28;00:00:00;0.00;G
2022-11-28;01:00:00;0.00;G
2022-11-28;02:00:00;0.00;G
2022-11-28;03:00:00;0.00;G
2022-11-28;04:00:00;0.00;G
2022-11-28;05:00:00;0.00;G
2022-11-28;06:00:00;0.00;G
2022-11-28;07:00:00;0.07;G
2022-11-28;08:00:00;0.64;G
2022-11-28;09:00:00;3.84;G
2022-11-28;10:00:00;9.52;G
2022-11-28;11:00:00;11.98;G
2022-11-28;12:00:00;6.62;G
2022-11-28;13:00:00;1.27;G
2022-11-28;14:00:00;0.07;G
2022-11-28;15:00:00;0.01;G
2022-11-28;16:00:00;0.00;G
2022-11-28;17:00:00;0.00;G
2022-11-28;18:00:00;0.00;G
2022-11-28;19:00:00;0.00;G
2022-11-28;20:00:00;0.00;G
2022-11-28;21:00:00;0.00;G
2022-11-28;22:00:00;0.00;G
2022-11-28;23:00:00;0.00;G
2022-11-29;00:00:00;0.00;G
2022-11-29;01:00:00;0.00;G
2022-11-29;02:00:00;0.00;G
2022-11-29;03:00:00;0.00;G
2022-11-29;04:00:00;0.00;G
2022-11-29;05:00:00;0.00;G
2022-11-29;06:00:00;0.00;G
2022-11-29;07:00:00;0.17;G
2022-11-29;08:00:00;0.60;G
2022-11-29;09:00:00;1.08;G
2022-11-29;10:00:00;2.90;G
2022-11-29;11:00:00;3.72;G
2022-11-29;12:00:00;1.79;G
2022-11-29;13:00:00;0.20;G
2022-11-29;14:00:00;0.01;G
2022-11-29;15:00:00;0.01;G
2022-11-29;16:00:00;0.00;G
2022-11-29;17:00:00;0.00;G
2022-11-29;18:00:00;0.00;G
2022-11-29;19:00:00;0.00;G
2022-11-29;20:00:00;0.00;G
2022-11-29;21:00:00;0.00;G
2022-11-29;22:00:00;0.00;G
2022-11-29;23:00:00;0.00;G
2022-11-30;00:00:00;0.00;G
2022-11-30;01:00:00;0.00;G
2022-11-30;02:00:00;0.00;G
2022-11-30;03:00:00;0.00;G
2022-11-30;04:00:00;0.00;G
2022-11-30;05:00:00;0.00;G
2022-11-30;06:00:00;0.00;G
2022-11-30;07:00:00;0.00;G
2022-11-30;08:00:00;0.69;G
2022-11-30;09:00:00;6.51;G
2022-11-30;10:00:00;8.75;G
2022-11-30;11:00:00;10.91;G
2022-11-30;12:00:00;11.78;G
2022-11-30;13:00:00;2.44;G
2022-11-30;14:00:00;0.08;G
2022-11-30;15:00:00;0.00;G
2022-11-30;16:00:00;0.00;G
2022-11-30;17:00:00;0.00;G
2022-11-30;18:00:00;0.00;G
2022-11-30;19:00:00;0.00;G
2022-11-30;20:00:00;0.00;G
2022-11-30;21:00:00;0.00;G
2022-11-30;22:00:00;0.00;G
2022-11-30;23:00:00;0.00;G
2022-12-01;00:00:00;0.00;G
2022-12-01;01:00:00;0.00;G
2022-12-01;02:00:00;0.00;G
2022-12-01;03:00:00;0.00;G
2022-12-01;04:00:00;0.00;G
2022-12-01;05:00:00;0.00;G
2022-12-01;06:00:00;0.00;G
2022-12-01;07:00:00;0.07;G
2022-12-01;08:00:00;0.92;G
2022-12-01;09:00:00;7.64;G
2022-12-01;10:00:00;16.53;G
2022-12-01;11:00:00;15.34;G
2022-12-01;12:00:00;10.21;G
2022-12-01;13:00:00;3.87;G
2022-12-01;14:00:00;0.75;G
2022-12-01;15:00:00;0.00;G
2022-12-01;16:00:00;0.00;G
2022-12-01;17:00:00;0.00;G
2022-12-01;18:00:00;0.00;G
2022-12-01;19:00:00;0.00;G
2022-12-01;20:00:00;0.00;G
2022-12-01;21:00:00;0.00;G
2022-12-01;22:00:00;0.00;G
2022-12-01;23:00:00;0.00;G
2022-12-02;00:00:00;0.00;G
2022-12-02;01:00:00;0.00;G
2022-12-02;02:00:00;0.00;G
2022-12-02;03:00:00;0.00;G
2022-12-02;04:00:00;0.00;G
2022-12-02;05:00:00;0.00;G
2022-12-02;06:00:00;0.00;G
2022-12-02;07:00:00;0.00;G
2022-12-02;08:00:00;0.28;G
2022-12-02;09:00:00;2.97;G
2022-12-02;10:00:00;5.08;G
2022-12-02;11:00:00;6.02;G
2022-12-02;12:00:00;5.28;G
2022-12-02;13:00:00;2.19;G
2022-12-02;14:00:00;0.21;G
2022-12-02;15:00:00;0.00;G
2022-12-02;16:00:00;0.00;G
2022-12-02;17:00:00;0.00;G
2022-12-02;18:00:00;0.00;G
2022-12-02;19:00:00;0.00;G
2022-12-02;20:00:00;0.00;G
2022-12-02;21:00:00;0.00;G
2022-12-02;22:00:00;0.00;G
2022-12-02;23:00:00;0.00;G
2022-12-03;00:00:00;0.00;G
2022-12-03;01:00:00;0.00;G
2022-12-03;02:00:00;0.00;G
2022-12-03;03:00:00;0.00;G
2022-12-03;04:00:00;0.00;G
2022-12-03;05:00:00;0.00;G
2022-12-03;06:00:00;0.00;G
2022-12-03;07:00:00;0.00;G
2022-12-03;08:00:00;0.30;G
2022-12-03;09:00:00;2.41;G
2022-12-03;10:00:00;5.24;G
2022-12-03;11:00:00;7.64;G
2022-12-03;12:00:00;5.76;G
2022-12-03;13:00:00;2.03;G
2022-12-03;14:00:00;0.19;G
2022-12-03;15:00:00;0.00;G
2022-12-03;16:00:00;0.00;G
2022-12-03;17:00:00;0.00;G
2022-12-03;18:00:00;0.00;G
2022-12-03;19:00:00;0.00;G
2022-12-03;20:00:00;0.00;G
2022-12-03;21:00:00;0.00;G
2022-12-03;22:00:00;0.00;G
2022-12-03;23:00:00;0.00;G
2022-12-04;00:00:00;0.00;G
2022-12-04;01:00:00;0.00;G
2022-12-04;02:00:00;0.00;G
2022-12-04;03:00:00;0.00;G
2022-12-04;04:00:00;0.00;G
2022-12-04;05:00:00;0.00;G
2022-12-04;06:00:00;0.00;G
2022-12-04;07:00:00;0.06;G
2022-12-04;08:00:00;0.72;G
2022-12-04;09:00:00;4.03;G
2022-12-04;10:00:00;9.29;G
2022-12-04;11:00:00;10.64;G
2022-12-04;12:00:00;6.93;G
2022-12-04;13:00:00;2.40;G
2022-12-04;14:00:00;0.19;G
2022-12-04;15:00:00;0.00;G
2022-12-04;16:00:00;0.00;G
2022-12-04;17:00:00;0.00;G
2022-12-04;18:00:00;0.00;G
2022-12-04;19:00:00;0.00;G
2022-12-04;20:00:00;0.00;G
2022-12-04;21:00:00;0.00;G
2022-12-04;22:00:00;0.00;G
2022-12-04;23:00:00;0.00;G
2022-12-05;00:00:00;0.00;G
2022-12-05;01:00:00;0.00;G
2022-12-05;02:00:00;0.00;G
2022-12-05;03:00:00;0.00;G
2022-12-05;04:00:00;0.00;G
2022-12-05;05:00:00;0.00;G
2022-12-05;06:00:00;0.00;G
2022-12-05;07:00:00;0.07;G
2022-12-05;08:00:00;1.02;G
2022-12-05;09:00:00;6.25;G
2022-12-05;10:00:00;14.51;G
2022-12-05;11:00:00;17.76;G
2022-12-05;12:00:00;7.16;G
2022-12-05;13:00:00;2.06;G
2022-12-05;14:00:00;0.16;G
2022-12-05;15:00:00;0.00;G
2022-12-05;16:00:00;0.00;G
2022-12-05;17:00:00;0.00;G
2022-12-05;18:00:00;0.00;G
2022-12-05;19:00:00;0.00;G
2022-12-05;20:00:00;0.00;G
2022-12-05;21:00:00;0.00;G
2022-12-05;22:00:00;0.00;G
2022-12-05;23:00:00;0.00;G
2022-12-06;00:00:00;0.00;G
2022-12-06;01:00:00;0.00;G
2022-12-06;02:00:00;0.00;G
2022-12-06;03:00:00;0.00;G
2022-12-06;04:00:00;0.00;G
2022-12-06;05:00:00;0.00;G
2022-12-06;06:00:00;0.00;G
2022-12-06;07:00:00;0.03;G
2022-12-06;08:00:00;0.63;G
2022-12-06;09:00:00;6.17;G
2022-12-06;10:00:00;12.98;G
2022-12-06;11:00:00;18.17;G
2022-12-06;12:00:00;10.02;G
2022-12-06;13:00:00;2.27;G
2022-12-06;14:00:00;0.00;G
2022-12-06;15:00:00;0.00;G
2022-12-06;16:00:00;0.00;G
2022-12-06;17:00:00;0.00;G
2022-12-06;18:00:00;0.00;G
2022-12-06;19:00:00;0.00;G
2022-12-06;20:00:00;0.00;G
2022-12-06;21:00:00;0.00;G
2022-12-06;22:00:00;0.00;G
2022-12-06;23:00:00;0.00;G
2022-12-07;00:00:00;0.00;G
2022-12-07;01:00:00;0.00;G
2022-12-07;02:00:00;0.00;G
2022-12-07;03:00:00;0.00;G
2022-12-07;04:00:00;0.00;G
2022-12-07;05:00:00;0.00;G
2022-12-07;06:00:00;0.00;G
2022-12-07;07:00:00;0.01;G
2022-12-07;08:00:00;0.30;G
2022-12-07;09:00:00;3.83;G
2022-12-07;10:00:00;23.88;G
2022-12-07;11:00:00;18.69;G
2022-12-07;12:00:00;6.58;G
2022-12-07;13:00:00;2.71;G
2022-12-07;14:00:00;0.19;G
2022-12-07;15:00:00;0.00;G
2022-12-07;16:00:00;0.00;G
2022-12-07;17:00:00;0.00;G
2022-12-07;18:00:00;0.00;G
2022-12-07;19:00:00;0.00;G
2022-12-07;20:00:00;0.00;G
2022-12-07;21:00:00;0.00;G
2022-12-07;22:00:00;0.00;G
2022-12-07;23:00:00;0.00;G
2022-12-08;00:00:00;0.00;G
2022-12-08;01:00:00;0.00;G
2022-12-08;02:00:00;0.00;G
2022-12-08;03:00:00;0.00;G
2022-12-08;04:00:00;0.00;G
2022-12-08;05:00:00;0.00;G
2022-12-08;06:00:00;0.00;G
2022-12-08;07:00:00;0.02;G
2022-12-08;08:00:00;0.07;G
2022-12-08;09:00:00;2.28;G
2022-12-08;10:00:00;7.03;G
2022-12-08;11:00:00;16.86;G
2022-12-08;12:00:00;6.82;G
2022-12-08;13:00:00;1.44;G
2022-12-08;14:00:00;0.14;G
2022-12-08;15:00:00;0.00;G
2022-12-08;16:00:00;0.00;G
2022-12-08;17:00:00;0.00;G
2022-12-08;18:00:00;0.00;G
2022-12-08;19:00:00;0.00;G
2022-12-08;20:00:00;0.00;G
2022-12-08;21:00:00;0.00;G
2022-12-08;22:00:00;0.00;G
2022-12-08;23:00:00;0.00;G
2022-12-09;00:00:00;0.00;G
2022-12-09;01:00:00;0.00;G
2022-12-09;02:00:00;0.00;G
2022-12-09;03:00:00;0.00;G
2022-12-09;04:00:00;0.00;G
2022-12-09;05:00:00;0.00;G
2022-12-09;06:00:00;0.00;G
2022-12-09;07:00:00;0.00;G
2022-12-09;08:00:00;0.27;G
2022-12-09;09:00:00;2.35;G
2022-12-09;10:00:00;6.23;G
2022-12-09;11:00:00;5.83;G
2022-12-09;12:00:00;3.53;G
2022-12-09;13:00:00;1.32;G
2022-12-09;14:00:00;0.00;G
2022-12-09;15:00:00;0.00;G
2022-12-09;16:00:00;0.00;G
2022-12-09;17:00:00;0.00;G
2022-12-09;18:00:00;0.00;G
2022-12-09;19:00:00;0.00;G
2022-12-09;20:00:00;0.00;G
2022-12-09;21:00:00;0.00;G
2022-12-09;22:00:00;0.00;G
2022-12-09;23:00:00;0.00;G
2022-12-10;00:00:00;0.00;G
2022-12-10;01:00:00;0.00;G
2022-12-10;02:00:00;0.00;G
2022-12-10;03:00:00;0.00;G
2022-12-10;04:00:00;0.00;G
2022-12-10;05:00:00;0.00;G
2022-12-10;06:00:00;0.00;G
2022-12-10;07:00:00;0.00;G
2022-12-10;08:00:00;0.03;G
2022-12-10;09:00:00;1.71;G
2022-12-10;10:00:00;5.55;G
2022-12-10;11:00:00;5.62;G
2022-12-10;12:00:00;3.52;G
2022-12-10;13:00:00;1.37;G
2022-12-10;14:00:00;0.00;G
2022-12-10;15:00:00;0.00;G
2022-12-10;16:00:00;0.00;G
2022-12-10;17:00:00;0.00;G
2022-12-10;18:00:00;0.00;G
2022-12-10;19:00:00;0.00;G
2022-12-10;20:00:00;0.00;G
2022-12-10;21:00:00;0.00;G
2022-12-10;22:00:00;0.00;G
2022-12-10;23:00:00;0.00;G
2022-12-11;00:00:00;0.00;G
2022-12-11;01:00:00;0.00;G
2022-12-11;02:00:00;0.00;G
2022-12-11;03:00:00;0.00;G
2022-12-11;04:00:00;0.00;G
2022-12-11;05:00:00;0.00;G
2022-12-11;06:00:00;0.00;G
2022-12-11;07:00:00;0.00;G
2022-12-11;08:00:00;0.06;G
2022-12-11;09:00:00;0.65;G
2022-12-11;10:00:00;2.47;G
2022-12-11;11:00:00;2.42;G
2022-12-11;12:00:00;2.28;G
2022-12-11;13:00:00;0.97;G
2022-12-11;14:00:00;0.13;G
2022-12-11;15:00:00;0.00;G
2022-12-11;16:00:00;0.00;G
2022-12-11;17:00:00;0.00;G
2022-12-11;18:00:00;0.00;G
2022-12-11;19:00:00;0.00;G
2022-12-11;20:00:00;0.00;G
2022-12-11;21:00:00;0.00;G
2022-12-11;22:00:00;0.00;G
2022-12-11;23:00:00;0.00;G
2022-12-12;00:00:00;0.00;G
2022-12-12;01:00:00;0.00;G
2022-12-12;02:00:00;0.00;G
2022-12-12;03:00:00;0.00;G
2022-12-12;04:00:00;0.00;G
2022-12-12;05:00:00;0.00;G
2022-12-12;06:00:00;0.00;G
2022-12-12;07:00:00;0.00;G
2022-12-12;08:00:00;0.28;G
2022-12-12;09:00:00;3.60;G
2022-12-12;10:00:00;9.26;G
2022-12-12;11:00:00;11.47;G
2022-12-12;12:00:00;8.55;G
2022-12-12;13:00:00;2.89;G
2022-12-12;14:00:00;0.45;G
2022-12-12;15:00:00;0.00;G
2022-12-12;16:00:00;0.00;G
2022-12-12;17:00:00;0.00;G
2022-12-12;18:00:00;0.00;G
2022-12-12;19:00:00;0.00;G
2022-12-12;20:00:00;0.00;G
2022-12-12;21:00:00;0.00;G
2022-12-12;22:00:00;0.00;G
2022-12-12;23:00:00;0.00;G
2022-12-13;00:00:00;0.00;G
2022-12-13;01:00:00;0.00;G
2022-12-13;02:00:00;0.00;G
2022-12-13;03:00:00;0.00;G
2022-12-13;04:00:00;0.00;G
2022-12-13;05:00:00;0.00;G
2022-12-13;06:00:00;0.00;G
2022-12-13;07:00:00;0.00;G
2022-12-13;08:00:00;0.49;G
2022-12-13;09:00:00;4.87;G
2022-12-13;10:00:00;9.29;G
2022-12-13;11:00:00;7.13;G
2022-12-13;12:00:00;6.23;G
2022-12-13;13:00:00;1.24;G
2022-12-13;14:00:00;0.17;G
2022-12-13;15:00:00;0.00;G
2022-12-13;16:00:00;0.00;G
2022-12-13;17:00:00;0.00;G
2022-12-13;18:00:00;0.00;G
2022-12-13;19:00:00;0.00;G
2022-12-13;20:00:00;0.00;G
2022-12-13;21:00:00;0.00;G
2022-12-13;22:00:00;0.00;G
2022-12-13;23:00:00;0.00;G
2022-12-14;00:00:00;0.00;G
2022-12-14;01:00:00;0.00;G
2022-12-14;02:00:00;0.00;G
2022-12-14;03:00:00;0.00;G
2022-12-14;04:00:00;0.00;G
2022-12-14;05:00:00;0.00;G
2022-12-14;06:00:00;0.00;G
2022-12-14;07:00:00;0.00;G
2022-12-14;08:00:00;0.61;G
2022-12-14;09:00:00;2.49;G
2022-12-14;10:00:00;6.67;G
2022-12-14;11:00:00;10.02;G
2022-12-14;12:00:00;7.69;G
2022-12-14;13:00:00;2.53;G
2022-12-14;14:00:00;0.21;G
2022-12-14;15:00:00;0.00;G
2022-12-14;16:00:00;0.00;G
2022-12-14;17:00:00;0.00;G
2022-12-14;18:00:00;0.00;G
2022-12-14;19:00:00;0.00;G
2022-12-14;20:00:00;0.00;G
2022-12-14;21:00:00;0.00;G
2022-12-14;22:00:00;0.00;G
2022-12-14;23:00:00;0.00;G
2022-12-15;00:00:00;0.00;G
2022-12-15;01:00:00;0.00;G
2022-12-15;02:00:00;0.00;G
2022-12-15;03:00:00;0.00;G
2022-12-15;04:00:00;0.00;G
2022-12-15;05:00:00;0.00;G
2022-12-15;06:00:00;0.00;G
2022-12-15;07:00:00;0.00;G
2022-12-15;08:00:00;0.58;G
2022-12-15;09:00:00;3.84;G
2022-12-15;10:00:00;10.61;G
2022-12-15;11:00:00;11.75;G
2022-12-15;12:00:00;8.64;G
2022-12-15;13:00:00;2.86;G
2022-12-15;14:00:00;0.08;G
2022-12-15;15:00:00;0.00;G
2022-12-15;16:00:00;0.00;G
2022-12-15;17:00:00;0.00;G
2022-12-15;18:00:00;0.00;G
2022-12-15;19:00:00;0.00;G
2022-12-15;20:00:00;0.00;G
2022-12-15;21:00:00;0.00;G
2022-12-15;22:00:00;0.00;G
2022-12-15;23:00:00;0.00;G
2022-12-16;00:00:00;0.00;G
2022-12-16;01:00:00;0.00;G
2022-12-16;02:00:00;0.00;G
2022-12-16;03:00:00;0.00;G
2022-12-16;04:00:00;0.00;G
2022-12-16;05:00:00;0.00;G
2022-12-16;06:00:00;0.00;G
2022-12-16;07:00:00;0.00;G
2022-12-16;08:00:00;0.19;G
2022-12-16;09:00:00;3.99;G
2022-12-16;10:00:00;10.11;G
2022-12-16;11:00:00;12.55;G
2022-12-16;12:00:00;9.12;G
2022-12-16;13:00:00;3.64;G
2022-12-16;14:00:00;0.23;G
2022-12-16;15:00:00;0.00;G
2022-12-16;16:00:00;0.00;G
2022-12-16;17:00:00;0.00;G
2022-12-16;18:00:00;0.00;G
2022-12-16;19:00:00;0.00;G
2022-12-16;20:00:00;0.00;G
2022-12-16;21:00:00;0.00;G
2022-12-16;22:00:00;0.00;G
2022-12-16;23:00:00;0.00;G
2022-12-17;00:00:00;0.00;G
2022-12-17;01:00:00;0.00;G
2022-12-17;02:00:00;0.00;G
2022-12-17;03:00:00;0.00;G
2022-12-17;04:00:00;0.00;G
2022-12-17;05:00:00;0.00;G
2022-12-17;06:00:00;0.00;G
2022-12-17;07:00:00;0.00;G
2022-12-17;08:00:00;0.27;G
2022-12-17;09:00:00;5.00;G
2022-12-17;10:00:00;10.07;G
2022-12-17;11:00:00;13.91;G
2022-12-17;12:00:00;10.82;G
2022-12-17;13:00:00;4.00;G
2022-12-17;14:00:00;0.35;G
2022-12-17;15:00:00;0.00;G
2022-12-17;16:00:00;0.00;G
2022-12-17;17:00:00;0.00;G
2022-12-17;18:00:00;0.00;G
2022-12-17;19:00:00;0.00;G
2022-12-17;20:00:00;0.00;G
2022-12-17;21:00:00;0.00;G
2022-12-17;22:00:00;0.00;G
2022-12-17;23:00:00;0.00;G
2022-12-18;00:00:00;0.00;G
2022-12-18;01:00:00;0.00;G
2022-12-18;02:00:00;0.00;G
2022-12-18;03:00:00;0.00;G
2022-12-18;04:00:00;0.00;G
2022-12-18;05:00:00;0.00;G
2022-12-18;06:00:00;0.00;G
2022-12-18;07:00:00;0.00;G
2022-12-18;08:00:00;0.98;G
2022-12-18;09:00:00;1.63;G
2022-12-18;10:00:00;3.52;G
2022-12-18;11:00:00;4.37;G
2022-12-18;12:00:00;2.29;G
2022-12-18;13:00:00;1.11;G
2022-12-18;14:00:00;0.27;G
2022-12-18;15:00:00;0.00;G
2022-12-18;16:00:00;0.00;G
2022-12-18;17:00:00;0.00;G
2022-12-18;18:00:00;0.00;G
2022-12-18;19:00:00;0.00;G
2022-12-18;20:00:00;0.00;G
2022-12-18;21:00:00;0.00;G
2022-12-18;22:00:00;0.00;G
2022-12-18;23:00:00;0.00;G
2022-12-19;00:00:00;0.00;G
2022-12-19;01:00:00;0.00;G
2022-12-19;02:00:00;0.00;G
2022-12-19;03:00:00;0.00;G
2022-12-19;04:00:00;0.00;G
2022-12-19;05:00:00;0.00;G
2022-12-19;06:00:00;0.00;G
2022-12-19;07:00:00;0.00;G
2022-12-19;08:00:00;0.02;G
2022-12-19;09:00:00;2.59;G
2022-12-19;10:00:00;7.94;G
2022-12-19;11:00:00;10.78;G
2022-12-19;12:00:00;7.76;G
2022-12-19;13:00:00;1.83;G
2022-12-19;14:00:00;0.07;G
2022-12-19;15:00:00;0.00;G
2022-12-19;16:00:00;0.00;G
2022-12-19;17:00:00;0.00;G
2022-12-19;18:00:00;0.00;G
2022-12-19;19:00:00;0.00;G
2022-12-19;20:00:00;0.00;G
2022-12-19;21:00:00;0.00;G
2022-12-19;22:00:00;0.00;G
2022-12-19;23:00:00;0.00;G
2022-12-20;00:00:00;0.00;G
2022-12-20;01:00:00;0.00;G
2022-12-20;02:00:00;0.00;G
2022-12-20;03:00:00;0.00;G
2022-12-20;04:00:00;0.00;G
2022-12-20;05:00:00;0.00;G
2022-12-20;06:00:00;0.00;G
2022-12-20;07:00:00;0.00;G
2022-12-20;08:00:00;0.23;G
2022-12-20;09:00:00;0.60;G
2022-12-20;10:00:00;2.50;G
2022-12-20;11:00:00;4.16;G
2022-12-20;12:00:00;3.70;G
2022-12-20;13:00:00;0.80;G
2022-12-20;14:00:00;0.06;G
2022-12-20;15:00:00;0.00;G
2022-12-20;16:00:00;0.00;G
2022-12-20;17:00:00;0.00;G
2022-12-20;18:00:00;0.00;G
2022-12-20;19:00:00;0.00;G
2022-12-20;20:00:00;0.00;G
2022-12-20;21:00:00;0.00;G
2022-12-20;22:00:00;0.00;G
2022-12-20;23:00:00;0.00;G
2022-12-21;00:00:00;0.00;G
2022-12-21;01:00:00;0.00;G
2022-12-21;02:00:00;0.00;G
2022-12-21;03:00:00;0.00;G
2022-12-21;04:00:00;0.00;G
2022-12-21;05:00:00;0.00;G
2022-12-21;06:00:00;0.00;G
2022-12-21;07:00:00;0.00;G
2022-12-21;08:00:00;0.11;G
2022-12-21;09:00:00;1.01;G
2022-12-21;10:00:00;4.25;G
2022-12-21;11:00:00;5.65;G
2022-12-21;12:00:00;3.16;G
2022-12-21;13:00:00;0.51;G
2022-12-21;14:00:00;0.02;G
2022-12-21;15:00:00;0.00;G
2022-12-21;16:00:00;0.00;G
2022-12-21;17:00:00;0.00;G
2022-12-21;18:00:00;0.00;G
2022-12-21;19:00:00;0.00;G
2022-12-21;20:00:00;0.00;G
2022-12-21;21:00:00;0.00;G
2022-12-21;22:00:00;0.00;G
2022-12-21;23:00:00;0.00;G
2022-12-22;00:00:00;0.00;G
2022-12-22;01:00:00;0.00;G
2022-12-22;02:00:00;0.00;G
2022-12-22;03:00:00;0.00;G
2022-12-22;04:00:00;0.00;G
2022-12-22;05:00:00;0.00;G
2022-12-22;06:00:00;0.00;G
2022-12-22;07:00:00;0.00;G
2022-12-22;08:00:00;0.57;G
2022-12-22;09:00:00;2.36;G
2022-12-22;10:00:00;7.49;G
2022-12-22;11:00:00;15.09;G
2022-12-22;12:00:00;9.81;G
2022-12-22;13:00:00;2.38;G
2022-12-22;14:00:00;0.12;G
2022-12-22;15:00:00;0.00;G
2022-12-22;16:00:00;0.00;G
2022-12-22;17:00:00;0.00;G
2022-12-22;18:00:00;0.00;G
2022-12-22;19:00:00;0.00;G
2022-12-22;20:00:00;0.00;G
2022-12-22;21:00:00;0.00;G
2022-12-22;22:00:00;0.00;G
2022-12-22;23:00:00;0.00;G
2022-12-23;00:00:00;0.00;G
2022-12-23;01:00:00;0.00;G
2022-12-23;02:00:00;0.00;G
2022-12-23;03:00:00;0.00;G
2022-12-23;04:00:00;0.00;G
2022-12-23;05:00:00;0.00;G
2022-12-23;06:00:00;0.00;G
2022-12-23;07:00:00;0.00;G
2022-12-23;08:00:00;0.12;G
2022-12-23;09:00:00;2.55;G
2022-12-23;10:00:00;7.97;G
2022-12-23;11:00:00;12.64;G
2022-12-23;12:00:00;9.55;G
2022-12-23;13:00:00;3.17;G
2022-12-23;14:00:00;0.13;G
2022-12-23;15:00:00;0.00;G
2022-12-23;16:00:00;0.00;G
2022-12-23;17:00:00;0.00;G
2022-12-23;18:00:00;0.00;G
2022-12-23;19:00:00;0.00;G
2022-12-23;20:00:00;0.00;G
2022-12-23;21:00:00;0.00;G
2022-12-23;22:00:00;0.00;G
2022-12-23;23:00:00;0.00;G
2022-12-24;00:00:00;0.00;G
2022-12-24;01:00:00;0.00;G
2022-12-24;02:00:00;0.00;G
2022-12-24;03:00:00;0.00;G
2022-12-24;04:00:00;0.00;G
2022-12-24;05:00:00;0.00;G
2022-12-24;06:00:00;0.00;G
2022-12-24;07:00:00;0.00;G
2022-12-24;08:00:00;0.23;G
2022-12-24;09:00:00;3.57;G
2022-12-24;10:00:00;8.78;G
2022-12-24;11:00:00;11.66;G
2022-12-24;12:00:00;8.93;G
2022-12-24;13:00:00;3.45;G
2022-12-24;14:00:00;0.34;G
2022-12-24;15:00:00;0.00;G
2022-12-24;16:00:00;0.00;G
2022-12-24;17:00:00;0.00;G
2022-12-24;18:00:00;0.00;G
2022-12-24;19:00:00;0.00;G
2022-12-24;20:00:00;0.00;G
2022-12-24;21:00:00;0.00;G
2022-12-24;22:00:00;0.00;G
2022-12-24;23:00:00;0.00;G
2022-12-25;00:00:00;0.00;G
2022-12-25;01:00:00;0.00;G
2022-12-25;02:00:00;0.00;G
2022-12-25;03:00:00;0.00;G
2022-12-25;04:00:00;0.00;G
2022-12-25;05:00:00;0.00;G
2022-12-25;06:00:00;0.00;G
2022-12-25;07:00:00;0.00;G
2022-12-25;08:00:00;0.08;G
2022-12-25;09:00:00;2.59;G
2022-12-25;10:00:00;9.06;G
2022-12-25;11:00:00;11.58;G
2022-12-25;12:00:00;8.12;G
2022-12-25;13:00:00;2.52;G
2022-12-25;14:00:00;0.09;G
2022-12-25;15:00:00;0.00;G
2022-12-25;16:00:00;0.00;G
2022-12-25;17:00:00;0.00;G
2022-12-25;18:00:00;0.00;G
2022-12-25;19:00:00;0.00;G
2022-12-25;20:00:00;0.00;G
2022-12-25;21:00:00;0.00;G
2022-12-25;22:00:00;0.00;G
2022-12-25;23:00:00;0.00;G
2022-12-26;00:00:00;0.00;G
2022-12-26;01:00:00;0.00;G
2022-12-26;02:00:00;0.00;G
2022-12-26;03:00:00;0.00;G
2022-12-26;04:00:00;0.00;G
2022-12-26;05:00:00;0.00;G
2022-12-26;06:00:00;0.00;G
2022-12-26;07:00:00;0.00;G
2022-12-26;08:00:00;0.05;G
2022-12-26;09:00:00;1.08;G
2022-12-26;10:00:00;3.40;G
2022-12-26;11:00:00;4.65;G
2022-12-26;12:00:00;2.19;G
2022-12-26;13:00:00;0.92;G
2022-12-26;14:00:00;0.14;G
2022-12-26;15:00:00;0.00;G
2022-12-26;16:00:00;0.00;G
2022-12-26;17:00:00;0.00;G
2022-12-26;18:00:00;0.00;G
2022-12-26;19:00:00;0.00;G
2022-12-26;20:00:00;0.00;G
2022-12-26;21:00:00;0.00;G
2022-12-26;22:00:00;0.00;G
2022-12-26;23:00:00;0.00;G
2022-12-27;00:00:00;0.00;G
2022-12-27;01:00:00;0.00;G
2022-12-27;02:00:00;0.00;G
2022-12-27;03:00:00;0.00;G
2022-12-27;04:00:00;0.00;G
2022-12-27;05:00:00;0.00;G
2022-12-27;06:00:00;0.00;G
2022-12-27;07:00:00;0.00;G
2022-12-27;08:00:00;0.20;G
2022-12-27;09:00:00;0.65;G
2022-12-27;10:00:00;1.86;G
2022-12-27;11:00:00;2.54;G
2022-12-27;12:00:00;1.39;G
2022-12-27;13:00:00;0.02;G
2022-12-27;14:00:00;0.00;G
2022-12-27;15:00:00;0.00;G
2022-12-27;16:00:00;0.00;G
2022-12-27;17:00:00;0.00;G
2022-12-27;18:00:00;0.00;G
2022-12-27;19:00:00;0.00;G
2022-12-27;20:00:00;0.00;G
2022-12-27;21:00:00;0.00;G
2022-12-27;22:00:00;0.00;G
2022-12-27;23:00:00;0.00;G
2022-12-28;00:00:00;0.00;G
2022-12-28;01:00:00;0.00;G
2022-12-28;02:00:00;0.00;G
2022-12-28;03:00:00;0.00;G
2022-12-28;04:00:00;0.00;G
2022-12-28;05:00:00;0.00;G
2022-12-28;06:00:00;0.00;G
2022-12-28;07:00:00;0.00;G
2022-12-28;08:00:00;0.57;G
2022-12-28;09:00:00;3.00;G
2022-12-28;10:00:00;7.94;G
2022-12-28;11:00:00;9.83;G
2022-12-28;12:00:00;7.12;G
2022-12-28;13:00:00;3.26;G
2022-12-28;14:00:00;0.45;G
2022-12-28;15:00:00;0.00;G
2022-12-28;16:00:00;0.00;G
2022-12-28;17:00:00;0.00;G
2022-12-28;18:00:00;0.00;G
2022-12-28;19:00:00;0.00;G
2022-12-28;20:00:00;0.00;G
2022-12-28;21:00:00;0.00;G
2022-12-28;22:00:00;0.00;G
2022-12-28;23:00:00;0.00;G
2022-12-29;00:00:00;0.00;G
2022-12-29;01:00:00;0.00;G
2022-12-29;02:00:00;0.00;G
2022-12-29;03:00:00;0.00;G
2022-12-29;04:00:00;0.00;G
2022-12-29;05:00:00;0.00;G
2022-12-29;06:00:00;0.00;G
2022-12-29;07:00:00;0.00;G
2022-12-29;08:00:00;0.85;G
2022-12-29;09:00:00;4.73;G
2022-12-29;10:00:00;7.21;G
2022-12-29;11:00:00;10.36;G
2022-12-29;12:00:00;5.98;G
2022-12-29;13:00:00;2.51;G
2022-12-29;14:00:00;0.37;G
2022-12-29;15:00:00;0.00;G
2022-12-29;16:00:00;0.00;G
2022-12-29;17:00:00;0.00;G
2022-12-29;18:00:00;0.00;G
2022-12-29;19:00:00;0.00;G
2022-12-29;20:00:00;0.00;G
2022-12-29;21:00:00;0.00;G
2022-12-29;22:00:00;0.00;G
2022-12-29;23:00:00;0.00;G
2022-12-30;00:00:00;0.00;G
2022-12-30;01:00:00;0.00;G
2022-12-30;02:00:00;0.00;G
2022-12-30;03:00:00;0.00;G
2022-12-30;04:00:00;0.00;G
2022-12-30;05:00:00;0.00;G
2022-12-30;06:00:00;0.00;G
2022-12-30;07:00:00;0.00;G
2022-12-30;08:00:00;0.00;G
2022-12-30;09:00:00;0.45;G
2022-12-30;10:00:00;6.60;G
2022-12-30;11:00:00;6.04;G
2022-12-30;12:00:00;3.58;G
2022-12-30;13:00:00;0.91;G
2022-12-30;14:00:00;0.00;G
2022-12-30;15:00:00;0.00;G
2022-12-30;16:00:00;0.00;G
2022-12-30;17:00:00;0.00;G
2022-12-30;18:00:00;0.00;G
2022-12-30;19:00:00;0.00;G
2022-12-30;20:00:00;0.00;G
2022-12-30;21:00:00;0.00;G
2022-12-30;22:00:00;0.00;G
2022-12-30;23:00:00;0.00;G
2022-12-31;00:00:00;0.00;G
2022-12-31;01:00:00;0.00;G
2022-12-31;02:00:00;0.00;G
2022-12-31;03:00:00;0.00;G
2022-12-31;04:00:00;0.00;G
2022-12-31;05:00:00;0.00;G
2022-12-31;06:00:00;0.00;G
2022-12-31;07:00:00;0.00;G
2022-12-31;08:00:00;0.00;G
2022-12-31;09:00:00;0.42;G
2022-12-31;10:00:00;1.69;G
2022-12-31;11:00:00;1.24;G
2022-12-31;12:00:00;0.92;G
2022-12-31;13:00:00;0.21;G
2022-12-31;14:00:00;0.00;G
2022-12-31;15:00:00;0.00;G
2022-12-31;16:00:00;0.00;G
2022-12-31;17:00:00;0.00;G
2022-12-31;18:00:00;0.00;G
2022-12-31;19:00:00;0.00;G
2022-12-31;20:00:00;0.00;G
2022-12-31;21:00:00;0.00;G
2022-12-31;22:00:00;0.00;G
2022-12-31;23:00:00;0.00;G
2023-01-01;00:00:00;0.00;G
2023-01-01;01:00:00;0.00;G
2023-01-01;02:00:00;0.00;G
2023-01-01;03:00:00;0.00;G
2023-01-01;04:00:00;0.00;G
2023-01-01;05:00:00;0.00;G
2023-01-01;06:00:00;0.00;G
2023-01-01;07:00:00;0.00;G
2023-01-01;08:00:00;0.36;G
2023-01-01;09:00:00;3.20;G
2023-01-01;10:00:00;10.37;G
2023-01-01;11:00:00;33.09;G
2023-01-01;12:00:00;26.65;G
2023-01-01;13:00:00;10.30;G
2023-01-01;14:00:00;0.31;G
2023-01-01;15:00:00;0.00;G
2023-01-01;16:00:00;0.00;G
2023-01-01;17:00:00;0.00;G
2023-01-01;18:00:00;0.00;G
2023-01-01;19:00:00;0.00;G
2023-01-01;20:00:00;0.00;G
2023-01-01;21:00:00;0.00;G
2023-01-01;22:00:00;0.00;G
2023-01-01;23:00:00;0.00;G
2023-01-02;00:00:00;0.00;G
2023-01-02;01:00:00;0.00;G
2023-01-02;02:00:00;0.00;G
2023-01-02;03:00:00;0.00;G
2023-01-02;04:00:00;0.00;G
2023-01-02;05:00:00;0.00;G
2023-01-02;06:00:00;0.00;G
2023-01-02;07:00:00;0.00;G
2023-01-02;08:00:00;0.16;G
2023-01-02;09:00:00;3.36;G
2023-01-02;10:00:00;10.77;G
2023-01-02;11:00:00;14.50;G
2023-01-02;12:00:00;11.15;G
2023-01-02;13:00:00;3.34;G
2023-01-02;14:00:00;0.12;G
2023-01-02;15:00:00;0.00;G
2023-01-02;16:00:00;0.00;G
2023-01-02;17:00:00;0.00;G
2023-01-02;18:00:00;0.00;G
2023-01-02;19:00:00;0.00;G
2023-01-02;20:00:00;0.00;G
2023-01-02;21:00:00;0.00;G
2023-01-02;22:00:00;0.00;G
2023-01-02;23:00:00;0.00;G
2023-01-03;00:00:00;0.00;G
2023-01-03;01:00:00;0.00;G
2023-01-03;02:00:00;0.00;G
2023-01-03;03:00:00;0.00;G
2023-01-03;04:00:00;0.00;G
2023-01-03;05:00:00;0.00;G
2023-01-03;06:00:00;0.00;G
2023-01-03;07:00:00;0.00;G
2023-01-03;08:00:00;0.06;G
2023-01-03;09:00:00;2.84;G
2023-01-03;10:00:00;10.43;G
2023-01-03;11:00:00;12.69;G
2023-01-03;12:00:00;9.28;G
2023-01-03;13:00:00;3.86;G
2023-01-03;14:00:00;1.14;G
2023-01-03;15:00:00;0.01;G
2023-01-03;16:00:00;0.00;G
2023-01-03;17:00:00;0.00;G
2023-01-03;18:00:00;0.00;G
2023-01-03;19:00:00;0.00;G
2023-01-03;20:00:00;0.00;G
2023-01-03;21:00:00;0.00;G
2023-01-03;22:00:00;0.00;G
2023-01-03;23:00:00;0.00;G
2023-01-04;00:00:00;0.00;G
2023-01-04;01:00:00;0.00;G
2023-01-04;02:00:00;0.00;G
2023-01-04;03:00:00;0.00;G
2023-01-04;04:00:00;0.00;G
2023-01-04;05:00:00;0.00;G
2023-01-04;06:00:00;0.00;G
2023-01-04;07:00:00;0.00;G
2023-01-04;08:00:00;0.18;G
2023-01-04;09:00:00;3.29;G
2023-01-04;10:00:00;10.93;G
2023-01-04;11:00:00;14.41;G
2023-01-04;12:00:00;9.54;G
2023-01-04;13:00:00;3.33;G
2023-01-04;14:00:00;0.63;G
2023-01-04;15:00:00;0.03;G
2023-01-04;16:00:00;0.00;G
2023-01-04;17:00:00;0.00;G
2023-01-04;18:00:00;0.00;G
2023-01-04;19:00:00;0.00;G
2023-01-04;20:00:00;0.00;G
2023-01-04;21:00:00;0.00;G
2023-01-04;22:00:00;0.00;G
2023-01-04;23:00:00;0.00;G
2023-01-05;00:00:00;0.00;G
2023-01-05;01:00:00;0.00;G
2023-01-05;02:00:00;0.00;G
2023-01-05;03:00:00;0.00;G
2023-01-05;04:00:00;0.00;G
2023-01-05;05:00:00;0.00;G
2023-01-05;06:00:00;0.00;G
2023-01-05;07:00:00;0.00;G
2023-01-05;08:00:00;0.30;G
2023-01-05;09:00:00;3.06;G
2023-01-05;10:00:00;9.64;G
2023-01-05;11:00:00;15.02;G
2023-01-05;12:00:00;13.31;G
2023-01-05;13:00:00;5.13;G
2023-01-05;14:00:00;0.16;G
2023-01-05;15:00:00;0.01;G
2023-01-05;16:00:00;0.00;G
2023-01-05;17:00:00;0.00;G
2023-01-05;18:00:00;0.00;G
2023-01-05;19:00:00;0.00;G
2023-01-05;20:00:00;0.00;G
2023-01-05;21:00:00;0.00;G
2023-01-05;22:00:00;0.00;G
2023-01-05;23:00:00;0.00;G
2023-01-06;00:00:00;0.00;G
2023-01-06;01:00:00;0.00;G
2023-01-06;02:00:00;0.00;G
2023-01-06;03:00:00;0.00;G
2023-01-06;04:00:00;0.00;G
2023-01-06;05:00:00;0.00;G
2023-01-06;06:00:00;0.00;G
2023-01-06;07:00:00;0.00;G
2023-01-06;08:00:00;0.32;G
2023-01-06;09:00:00;3.80;G
2023-01-06;10:00:00;13.55;G
2023-01-06;11:00:00;15.32;G
2023-01-06;12:00:00;9.20;G
2023-01-06;13:00:00;4.89;G
2023-01-06;14:00:00;0.22;G
2023-01-06;15:00:00;0.00;G
2023-01-06;16:00:00;0.00;G
2023-01-06;17:00:00;0.00;G
2023-01-06;18:00:00;0.00;G
2023-01-06;19:00:00;0.00;G
2023-01-06;20:00:00;0.00;G
2023-01-06;21:00:00;0.00;G
2023-01-06;22:00:00;0.00;G
2023-01-06;23:00:00;0.00;G
2023-01-07;00:00:00;0.00;G
2023-01-07;01:00:00;0.00;G
2023-01-07;02:00:00;0.00;G
2023-01-07;03:00:00;0.00;G
2023-01-07;04:00:00;0.00;G
2023-01-07;05:00:00;0.00;G
2023-01-07;06:00:00;0.00;G
2023-01-07;07:00:00;0.00;G
2023-01-07;08:00:00;0.11;G
2023-01-07;09:00:00;1.31;G
2023-01-07;10:00:00;4.54;G
2023-01-07;11:00:00;10.67;G
2023-01-07;12:00:00;7.95;G
2023-01-07;13:00:00;2.06;G
2023-01-07;14:00:00;0.19;G
2023-01-07;15:00:00;0.01;G
2023-01-07;16:00:00;0.00;G
2023-01-07;17:00:00;0.00;G
2023-01-07;18:00:00;0.00;G
2023-01-07;19:00:00;0.00;G
2023-01-07;20:00:00;0.00;G
2023-01-07;21:00:00;0.00;G
2023-01-07;22:00:00;0.00;G
2023-01-07;23:00:00;0.00;G
2023-01-08;00:00:00;0.00;G
2023-01-08;01:00:00;0.00;G
2023-01-08;02:00:00;0.00;G
2023-01-08;03:00:00;0.00;G
2023-01-08;04:00:00;0.00;G
2023-01-08;05:00:00;0.00;G
2023-01-08;06:00:00;0.00;G
2023-01-08;07:00:00;0.00;G
2023-01-08;08:00:00;0.05;G
2023-01-08;09:00:00;1.55;G
2023-01-08;10:00:00;4.72;G
2023-01-08;11:00:00;7.64;G
2023-01-08;12:00:00;7.09;G
2023-01-08;13:00:00;2.56;G
2023-01-08;14:00:00;0.28;G
2023-01-08;15:00:00;0.00;G
2023-01-08;16:00:00;0.00;G
2023-01-08;17:00:00;0.00;G
2023-01-08;18:00:00;0.00;G
2023-01-08;19:00:00;0.00;G
2023-01-08;20:00:00;0.00;G
2023-01-08;21:00:00;0.00;G
2023-01-08;22:00:00;0.00;G
2023-01-08;23:00:00;0.00;G
2023-01-09;00:00:00;0.00;G
2023-01-09;01:00:00;0.00;G
2023-01-09;02:00:00;0.00;G
2023-01-09;03:00:00;0.00;G
2023-01-09;04:00:00;0.00;G
2023-01-09;05:00:00;0.00;G
2023-01-09;06:00:00;0.00;G
2023-01-09;07:00:00;0.00;G
2023-01-09;08:00:00;0.50;G
2023-01-09;09:00:00;1.74;G
2023-01-09;10:00:00;4.05;G
2023-01-09;11:00:00;8.69;G
2023-01-09;12:00:00;8.27;G
2023-01-09;13:00:00;3.91;G
2023-01-09;14:00:00;0.90;G
2023-01-09;15:00:00;0.04;G
2023-01-09;16:00:00;0.00;G
2023-01-09;17:00:00;0.00;G
2023-01-09;18:00:00;0.00;G
2023-01-09;19:00:00;0.00;G
2023-01-09;20:00:00;0.00;G
2023-01-09;21:00:00;0.00;G
2023-01-09;22:00:00;0.00;G
2023-01-09;23:00:00;0.00;G
2023-01-10;00:00:00;0.00;G
2023-01-10;01:00:00;0.00;G
2023-01-10;02:00:00;0.00;G
2023-01-10;03:00:00;0.00;G
2023-01-10;04:00:00;0.00;G
2023-01-10;05:00:00;0.00;G
2023-01-10;06:00:00;0.00;G
2023-01-10;07:00:00;0.00;G
2023-01-10;08:00:00;0.34;G
2023-01-10;09:00:00;1.85;G
2023-01-10;10:00:00;8.30;G
2023-01-10;11:00:00;12.69;G
2023-01-10;12:00:00;9.09;G
2023-01-10;13:00:00;2.58;G
2023-01-10;14:00:00;0.60;G
2023-01-10;15:00:00;0.02;G
2023-01-10;16:00:00;0.00;G
2023-01-10;17:00:00;0.00;G
2023-01-10;18:00:00;0.00;G
2023-01-10;19:00:00;0.00;G
2023-01-10;20:00:00;0.00;G
2023-01-10;21:00:00;0.00;G
2023-01-10;22:00:00;0.00;G
2023-01-10;23:00:00;0.00;G
2023-01-11;00:00:00;0.00;G
2023-01-11;01:00:00;0.00;G
2023-01-11;02:00:00;0.00;G
2023-01-11;03:00:00;0.00;G
2023-01-11;04:00:00;0.00;G
2023-01-11;05:00:00;0.00;G
2023-01-11;06:00:00;0.00;G
2023-01-11;07:00:00;0.00;G
2023-01-11;08:00:00;1.23;G
2023-01-11;09:00:00;3.24;G
2023-01-11;10:00:00;10.47;G
2023-01-11;11:00:00;13.16;G
2023-01-11;12:00:00;7.26;G
2023-01-11;13:00:00;2.12;G
2023-01-11;14:00:00;0.45;G
2023-01-11;15:00:00;0.00;G
2023-01-11;16:00:00;0.00;G
2023-01-11;17:00:00;0.00;G
2023-01-11;18:00:00;0.00;G
2023-01-11;19:00:00;0.00;G
2023-01-11;20:00:00;0.00;G
2023-01-11;21:00:00;0.00;G
2023-01-11;22:00:00;0.00;G
2023-01-11;23:00:00;0.00;G
2023-01-12;00:00:00;0.00;G
2023-01-12;01:00:00;0.00;G
2023-01-12;02:00:00;0.00;G
2023-01-12;03:00:00;0.00;G
2023-01-12;04:00:00;0.00;G
2023-01-12;05:00:00;0.00;G
2023-01-12;06:00:00;0.00;G
2023-01-12;07:00:00;0.00;G
2023-01-12;08:00:00;0.45;G
2023-01-12;09:00:00;4.13;G
2023-01-12;10:00:00;13.72;G
2023-01-12;11:00:00;17.10;G
2023-01-12;12:00:00;13.74;G
2023-01-12;13:00:00;6.03;G
2023-01-12;14:00:00;1.45;G
2023-01-12;15:00:00;0.11;G
2023-01-12;16:00:00;0.00;G
2023-01-12;17:00:00;0.00;G
2023-01-12;18:00:00;0.00;G
2023-01-12;19:00:00;0.00;G
2023-01-12;20:00:00;0.00;G
2023-01-12;21:00:00;0.00;G
2023-01-12;22:00:00;0.00;G
2023-01-12;23:00:00;0.00;G
2023-01-13;00:00:00;0.00;G
2023-01-13;01:00:00;0.00;G
2023-01-13;02:00:00;0.00;G
2023-01-13;03:00:00;0.00;G
2023-01-13;04:00:00;0.00;G
2023-01-13;05:00:00;0.00;G
2023-01-13;06:00:00;0.00;G
2023-01-13;07:00:00;0.03;G
2023-01-13;08:00:00;1.69;G
2023-01-13;09:00:00;8.14;G
2023-01-13;10:00:00;30.01;G
2023-01-13;11:00:00;38.40;G
2023-01-13;12:00:00;26.71;G
2023-01-13;13:00:00;8.47;G
2023-01-13;14:00:00;1.04;G
2023-01-13;15:00:00;0.00;G
2023-01-13;16:00:00;0.00;G
2023-01-13;17:00:00;0.00;G
2023-01-13;18:00:00;0.00;G
2023-01-13;19:00:00;0.00;G
2023-01-13;20:00:00;0.00;G
2023-01-13;21:00:00;0.00;G
2023-01-13;22:00:00;0.00;G
2023-01-13;23:00:00;0.00;G
2023-01-14;00:00:00;0.00;G
2023-01-14;01:00:00;0.00;G
2023-01-14;02:00:00;0.00;G
2023-01-14;03:00:00;0.00;G
2023-01-14;04:00:00;0.00;G
2023-01-14;05:00:00;0.00;G
2023-01-14;06:00:00;0.00;G
2023-01-14;07:00:00;0.07;G
2023-01-14;08:00:00;0.32;G
2023-01-14;09:00:00;5.81;G
2023-01-14;10:00:00;18.35;G
2023-01-14;11:00:00;24.19;G
2023-01-14;12:00:00;28.18;G
2023-01-14;13:00:00;17.08;G
2023-01-14;14:00:00;1.92;G
2023-01-14;15:00:00;0.00;G
2023-01-14;16:00:00;0.00;G
2023-01-14;17:00:00;0.00;G
2023-01-14;18:00:00;0.00;G
2023-01-14;19:00:00;0.00;G
2023-01-14;20:00:00;0.00;G
2023-01-14;21:00:00;0.00;G
2023-01-14;22:00:00;0.00;G
2023-01-14;23:00:00;0.00;G
2023-01-15;00:00:00;0.00;G
2023-01-15;01:00:00;0.00;G
2023-01-15;02:00:00;0.00;G
2023-01-15;03:00:00;0.00;G
2023-01-15;04:00:00;0.00;G
2023-01-15;05:00:00;0.00;G
2023-01-15;06:00:00;0.00;G
2023-01-15;07:00:00;0.10;G
2023-01-15;08:00:00;1.47;G
2023-01-15;09:00:00;4.37;G
2023-01-15;10:00:00;9.52;G
2023-01-15;11:00:00;14.20;G
2023-01-15;12:00:00;10.56;G
2023-01-15;13:00:00;4.38;G
2023-01-15;14:00:00;1.55;G
2023-01-15;15:00:00;0.43;G
2023-01-15;16:00:00;0.00;G
2023-01-15;17:00:00;0.00;G
2023-01-15;18:00:00;0.00;G
2023-01-15;19:00:00;0.00;G
2023-01-15;20:00:00;0.00;G
2023-01-15;21:00:00;0.00;G
2023-01-15;22:00:00;0.00;G
2023-01-15;23:00:00;0.00;G
2023-01-16;00:00:00;0.00;G
2023-01-16;01:00:00;0.00;G
2023-01-16;02:00:00;0.00;G
2023-01-16;03:00:00;0.00;G
2023-01-16;04:00:00;0.00;G
2023-01-16;05:00:00;0.00;G
2023-01-16;06:00:00;0.00;G
2023-01-16;07:00:00;0.05;G
2023-01-16;08:00:00;1.13;G
2023-01-16;09:00:00;3.60;G
2023-01-16;10:00:00;6.24;G
2023-01-16;11:00:00;10.37;G
2023-01-16;12:00:00;10.14;G
2023-01-16;13:00:00;6.79;G
2023-01-16;14:00:00;1.11;G
2023-01-16;15:00:00;0.39;G
2023-01-16;16:00:00;0.00;G
2023-01-16;17:00:00;0.00;G
2023-01-16;18:00:00;0.00;G
2023-01-16;19:00:00;0.00;G
2023-01-16;20:00:00;0.00;G
2023-01-16;21:00:00;0.00;G
2023-01-16;22:00:00;0.00;G
2023-01-16;23:00:00;0.00;G
2023-01-17;00:00:00;0.00;G
2023-01-17;01:00:00;0.00;G
2023-01-17;02:00:00;0.00;G
2023-01-17;03:00:00;0.00;G
2023-01-17;04:00:00;0.00;G
2023-01-17;05:00:00;0.00;G
2023-01-17;06:00:00;0.00;G
2023-01-17;07:00:00;0.00;G
2023-01-17;08:00:00;1.58;G
2023-01-17;09:00:00;9.46;G
2023-01-17;10:00:00;20.30;G
2023-01-17;11:00:00;23.46;G
2023-01-17;12:00:00;21.31;G
2023-01-17;13:00:00;9.86;G
2023-01-17;14:00:00;1.60;G
2023-01-17;15:00:00;0.35;G
2023-01-17;16:00:00;0.00;G
2023-01-17;17:00:00;0.00;G
2023-01-17;18:00:00;0.00;G
2023-01-17;19:00:00;0.00;G
2023-01-17;20:00:00;0.00;G
2023-01-17;21:00:00;0.00;G
2023-01-17;22:00:00;0.00;G
2023-01-17;23:00:00;0.00;G
2023-01-18;00:00:00;0.00;G
2023-01-18;01:00:00;0.00;G
2023-01-18;02:00:00;0.00;G
2023-01-18;03:00:00;0.00;G
2023-01-18;04:00:00;0.00;G
2023-01-18;05:00:00;0.00;G
2023-01-18;06:00:00;0.00;G
2023-01-18;07:00:00;0.00;G
2023-01-18;08:00:00;0.00;G
2023-01-18;09:00:00;1.57;G
2023-01-18;10:00:00;5.51;G
2023-01-18;11:00:00;11.36;G
2023-01-18;12:00:00;9.50;G
2023-01-18;13:00:00;4.45;G
2023-01-18;14:00:00;0.30;G
2023-01-18;15:00:00;0.19;G
2023-01-18;16:00:00;0.00;G
2023-01-18;17:00:00;0.00;G
2023-01-18;18:00:00;0.00;G
2023-01-18;19:00:00;0.00;G
2023-01-18;20:00:00;0.00;G
2023-01-18;21:00:00;0.00;G
2023-01-18;22:00:00;0.00;G
2023-01-18;23:00:00;0.00;G
2023-01-19;00:00:00;0.00;G
2023-01-19;01:00:00;0.00;G
2023-01-19;02:00:00;0.00;G
2023-01-19;03:00:00;0.00;G
2023-01-19;04:00:00;0.00;G
2023-01-19;05:00:00;0.00;G
2023-01-19;06:00:00;0.00;G
2023-01-19;07:00:00;0.01;G
2023-01-19;08:00:00;0.46;G
2023-01-19;09:00:00;4.81;G
2023-01-19;10:00:00;14.61;G
2023-01-19;11:00:00;20.70;G
2023-01-19;12:00:00;19.83;G
2023-01-19;13:00:00;9.58;G
2023-01-19;14:00:00;1.79;G
2023-01-19;15:00:00;0.17;G
2023-01-19;16:00:00;0.00;G
2023-01-19;17:00:00;0.00;G
2023-01-19;18:00:00;0.00;G
2023-01-19;19:00:00;0.00;G
2023-01-19;20:00:00;0.00;G
2023-01-19;21:00:00;0.00;G
2023-01-19;22:00:00;0.00;G
2023-01-19;23:00:00;0.00;G
2023-01-20;00:00:00;0.00;G
2023-01-20;01:00:00;0.00;G
2023-01-20;02:00:00;0.00;G
2023-01-20;03:00:00;0.00;G
2023-01-20;04:00:00;0.00;G
2023-01-20;05:00:00;0.00;G
2023-01-20;06:00:00;0.00;G
2023-01-20;07:00:00;0.01;G
2023-01-20;08:00:00;1.10;G
2023-01-20;09:00:00;10.85;G
2023-01-20;10:00:00;39.52;G
2023-01-20;11:00:00;55.50;G
2023-01-20;12:00:00;52.62;G
2023-01-20;13:00:00;20.85;G
2023-01-20;14:00:00;3.52;G
2023-01-20;15:00:00;0.20;G
2023-01-20;16:00:00;0.00;G
2023-01-20;17:00:00;0.00;G
2023-01-20;18:00:00;0.00;G
2023-01-20;19:00:00;0.00;G
2023-01-20;20:00:00;0.00;G
2023-01-20;21:00:00;0.00;G
2023-01-20;22:00:00;0.00;G
2023-01-20;23:00:00;0.00;G
2023-01-21;00:00:00;0.00;G
2023-01-21;01:00:00;0.00;G
2023-01-21;02:00:00;0.00;G
2023-01-21;03:00:00;0.00;G
2023-01-21;04:00:00;0.00;G
2023-01-21;05:00:00;0.00;G
2023-01-21;06:00:00;0.00;G
2023-01-21;07:00:00;0.04;G
2023-01-21;08:00:00;2.13;G
2023-01-21;09:00:00;13.35;G
2023-01-21;10:00:00;43.84;G
2023-01-21;11:00:00;60.79;G
2023-01-21;12:00:00;52.08;G
2023-01-21;13:00:00;28.82;G
2023-01-21;14:00:00;5.92;G
2023-01-21;15:00:00;0.29;G
2023-01-21;16:00:00;0.00;G
2023-01-21;17:00:00;0.00;G
2023-01-21;18:00:00;0.00;G
2023-01-21;19:00:00;0.00;G
2023-01-21;20:00:00;0.00;G
2023-01-21;21:00:00;0.00;G
2023-01-21;22:00:00;0.00;G
2023-01-21;23:00:00;0.00;G
2023-01-22;00:00:00;0.00;G
2023-01-22;01:00:00;0.00;G
2023-01-22;02:00:00;0.00;G
2023-01-22;03:00:00;0.00;G
2023-01-22;04:00:00;0.00;G
2023-01-22;05:00:00;0.00;G
2023-01-22;06:00:00;0.00;G
2023-01-22;07:00:00;0.00;G
2023-01-22;08:00:00;2.18;G
2023-01-22;09:00:00;16.77;G
2023-01-22;10:00:00;32.72;G
2023-01-22;11:00:00;31.31;G
2023-01-22;12:00:00;47.35;G
2023-01-22;13:00:00;27.52;G
2023-01-22;14:00:00;4.99;G
2023-01-22;15:00:00;0.75;G
2023-01-22;16:00:00;0.00;G
2023-01-22;17:00:00;0.00;G
2023-01-22;18:00:00;0.00;G
2023-01-22;19:00:00;0.00;G
2023-01-22;20:00:00;0.00;G
2023-01-22;21:00:00;0.00;G
2023-01-22;22:00:00;0.00;G
2023-01-22;23:00:00;0.00;G
2023-01-23;00:00:00;0.00;G
2023-01-23;01:00:00;0.00;G
2023-01-23;02:00:00;0.00;G
2023-01-23;03:00:00;0.00;G
2023-01-23;04:00:00;0.00;G
2023-01-23;05:00:00;0.00;G
2023-01-23;06:00:00;0.00;G
2023-01-23;07:00:00;0.25;G
2023-01-23;08:00:00;3.74;G
2023-01-23;09:00:00;12.47;G
2023-01-23;10:00:00;25.48;G
2023-01-23;11:00:00;38.03;G
2023-01-23;12:00:00;31.41;G
2023-01-23;13:00:00;17.71;G
2023-01-23;14:00:00;3.67;G
2023-01-23;15:00:00;0.15;G
2023-01-23;16:00:00;0.00;G
2023-01-23;17:00:00;0.00;G
2023-01-23;18:00:00;0.00;G
2023-01-23;19:00:00;0.00;G
2023-01-23;20:00:00;0.00;G
2023-01-23;21:00:00;0.00;G
2023-01-23;22:00:00;0.00;G
2023-01-23;23:00:00;0.00;G
2023-01-24;00:00:00;0.00;G
2023-01-24;01:00:00;0.00;G
2023-01-24;02:00:00;0.00;G
2023-01-24;03:00:00;0.00;G
2023-01-24;04:00:00;0.00;G
2023-01-24;05:00:00;0.00;G
2023-01-24;06:00:00;0.00;G
2023-01-24;07:00:00;0.00;G
2023-01-24;08:00:00;1.96;G
2023-01-24;09:00:00;19.21;G
2023-01-24;10:00:00;52.17;G
2023-01-24;11:00:00;68.59;G
2023-01-24;12:00:00;61.38;G
2023-01-24;13:00:00;28.77;G
2023-01-24;14:00:00;4.74;G
2023-01-24;15:00:00;0.07;G
2023-01-24;16:00:00;0.00;G
2023-01-24;17:00:00;0.00;G
2023-01-24;18:00:00;0.00;G
2023-01-24;19:00:00;0.00;G
2023-01-24;20:00:00;0.00;G
2023-01-24;21:00:00;0.00;G
2023-01-24;22:00:00;0.00;G
2023-01-24;23:00:00;0.00;G
2023-01-25;00:00:00;0.00;G
2023-01-25;01:00:00;0.00;G
2023-01-25;02:00:00;0.00;G
2023-01-25;03:00:00;0.00;G
2023-01-25;04:00:00;0.00;G
2023-01-25;05:00:00;0.00;G
2023-01-25;06:00:00;0.00;G
2023-01-25;07:00:00;0.12;G
2023-01-25;08:00:00;1.55;G
2023-01-25;09:00:00;13.28;G
2023-01-25;10:00:00;37.08;G
2023-01-25;11:00:00;45.35;G
2023-01-25;12:00:00;41.72;G
2023-01-25;13:00:00;29.11;G
2023-01-25;14:00:00;8.68;G
2023-01-25;15:00:00;1.04;G
2023-01-25;16:00:00;0.00;G
2023-01-25;17:00:00;0.00;G
2023-01-25;18:00:00;0.00;G
2023-01-25;19:00:00;0.00;G
2023-01-25;20:00:00;0.00;G
2023-01-25;21:00:00;0.00;G
2023-01-25;22:00:00;0.00;G
2023-01-25;23:00:00;0.00;G
2023-01-26;00:00:00;0.00;G
2023-01-26;01:00:00;0.00;G
2023-01-26;02:00:00;0.00;G
2023-01-26;03:00:00;0.00;G
2023-01-26;04:00:00;0.00;G
2023-01-26;05:00:00;0.00;G
2023-01-26;06:00:00;0.00;G
2023-01-26;07:00:00;0.09;G
2023-01-26;08:00:00;4.07;G
2023-01-26;09:00:00;24.46;G
2023-01-26;10:00:00;59.76;G
2023-01-26;11:00:00;76.67;G
2023-01-26;12:00:00;92.15;G
2023-01-26;13:00:00;31.58;G
2023-01-26;14:00:00;11.56;G
2023-01-26;15:00:00;1.20;G
2023-01-26;16:00:00;0.00;G
2023-01-26;17:00:00;0.00;G
2023-01-26;18:00:00;0.00;G
2023-01-26;19:00:00;0.00;G
2023-01-26;20:00:00;0.00;G
2023-01-26;21:00:00;0.00;G
2023-01-26;22:00:00;0.00;G
2023-01-26;23:00:00;0.00;G
2023-01-27;00:00:00;0.00;G
2023-01-27;01:00:00;0.00;G
2023-01-27;02:00:00;0.00;G
2023-01-27;03:00:00;0.00;G
2023-01-27;04:00:00;0.00;G
2023-01-27;05:00:00;0.00;G
2023-01-27;06:00:00;0.00;G
2023-01-27;07:00:00;0.24;G
2023-01-27;08:00:00;5.30;G
2023-01-27;09:00:00;31.82;G
2023-01-27;10:00:00;51.41;G
2023-01-27;11:00:00;69.40;G
2023-01-27;12:00:00;61.90;G
2023-01-27;13:00:00;25.90;G
2023-01-27;14:00:00;6.73;G
2023-01-27;15:00:00;1.00;G
2023-01-27;16:00:00;0.00;G
2023-01-27;17:00:00;0.00;G
2023-01-27;18:00:00;0.00;G
2023-01-27;19:00:00;0.00;G
2023-01-27;20:00:00;0.00;G
2023-01-27;21:00:00;0.00;G
2023-01-27;22:00:00;0.00;G
2023-01-27;23:00:00;0.00;G
2023-01-28;00:00:00;0.00;G
2023-01-28;01:00:00;0.00;G
2023-01-28;02:00:00;0.00;G
2023-01-28;03:00:00;0.00;G
2023-01-28;04:00:00;0.00;G
2023-01-28;05:00:00;0.00;G
2023-01-28;06:00:00;0.00;G
2023-01-28;07:00:00;0.53;G
2023-01-28;08:00:00;2.45;G
2023-01-28;09:00:00;13.62;G
2023-01-28;10:00:00;66.76;G
2023-01-28;11:00:00;83.82;G
2023-01-28;12:00:00;76.00;G
2023-01-28;13:00:00;47.91;G
2023-01-28;14:00:00;10.69;G
2023-01-28;15:00:00;0.51;G
2023-01-28;16:00:00;0.00;G
2023-01-28;17:00:00;0.00;G
2023-01-28;18:00:00;0.00;G
2023-01-28;19:00:00;0.00;G
2023-01-28;20:00:00;0.00;G
2023-01-28;21:00:00;0.00;G
2023-01-28;22:00:00;0.00;G
2023-01-28;23:00:00;0.00;G
2023-01-29;00:00:00;0.00;G
2023-01-29;01:00:00;0.00;G
2023-01-29;02:00:00;0.00;G
2023-01-29;03:00:00;0.00;G
2023-01-29;04:00:00;0.00;G
2023-01-29;05:00:00;0.00;G
2023-01-29;06:00:00;0.00;G
2023-01-29;07:00:00;0.04;G
2023-01-29;08:00:00;3.00;G
2023-01-29;09:00:00;15.20;G
2023-01-29;10:00:00;68.90;G
2023-01-29;11:00:00;44.65;G
2023-01-29;12:00:00;83.93;G
2023-01-29;13:00:00;30.72;G
2023-01-29;14:00:00;10.36;G
2023-01-29;15:00:00;0.68;G
2023-01-29;16:00:00;0.00;G
2023-01-29;17:00:00;0.00;G
2023-01-29;18:00:00;0.00;G
2023-01-29;19:00:00;0.00;G
2023-01-29;20:00:00;0.00;G
2023-01-29;21:00:00;0.00;G
2023-01-29;22:00:00;0.00;G
2023-01-29;23:00:00;0.00;G
2023-01-30;00:00:00;0.00;G
2023-01-30;01:00:00;0.00;G
2023-01-30;02:00:00;0.00;G
2023-01-30;03:00:00;0.00;G
2023-01-30;04:00:00;0.00;G
2023-01-30;05:00:00;0.00;G
2023-01-30;06:00:00;0.00;G
2023-01-30;07:00:00;0.56;G
2023-01-30;08:00:00;4.20;G
2023-01-30;09:00:00;19.70;G
2023-01-30;10:00:00;42.86;G
2023-01-30;11:00:00;52.71;G
2023-01-30;12:00:00;53.59;G
2023-01-30;13:00:00;42.14;G
2023-01-30;14:00:00;9.59;G
2023-01-30;15:00:00;1.00;G
2023-01-30;16:00:00;0.11;G
2023-01-30;17:00:00;0.00;G
2023-01-30;18:00:00;0.00;G
2023-01-30;19:00:00;0.00;G
2023-01-30;20:00:00;0.00;G
2023-01-30;21:00:00;0.00;G
2023-01-30;22:00:00;0.00;G
2023-01-30;23:00:00;0.00;G
2023-01-31;00:00:00;0.00;G
2023-01-31;01:00:00;0.00;G
2023-01-31;02:00:00;0.00;G
2023-01-31;03:00:00;0.00;G
2023-01-31;04:00:00;0.00;G
2023-01-31;05:00:00;0.00;G
2023-01-31;06:00:00;0.00;G
2023-01-31;07:00:00;0.04;G
2023-01-31;08:00:00;6.34;G
2023-01-31;09:00:00;25.44;G
2023-01-31;10:00:00;73.51;G
2023-01-31;11:00:00;103.54;G
2023-01-31;12:00:00;106.71;G
2023-01-31;13:00:00;54.58;G
2023-01-31;14:00:00;22.69;G
2023-01-31;15:00:00;2.17;G
2023-01-31;16:00:00;0.00;G
2023-01-31;17:00:00;0.00;G
2023-01-31;18:00:00;0.00;G
2023-01-31;19:00:00;0.00;G
2023-01-31;20:00:00;0.00;G
2023-01-31;21:00:00;0.00;G
2023-01-31;22:00:00;0.00;G
2023-01-31;23:00:00;0.00;G
2023-02-01;00:00:00;0.00;G
2023-02-01;01:00:00;0.00;G
2023-02-01;02:00:00;0.00;G
2023-02-01;03:00:00;0.00;G
2023-02-01;04:00:00;0.00;G
2023-02-01;05:00:00;0.00;G
2023-02-01;06:00:00;0.00;G
2023-02-01;07:00:00;0.33;G
2023-02-01;08:00:00;6.68;G
2023-02-01;09:00:00;32.00;G
2023-02-01;10:00:00;42.98;G
2023-02-01;11:00:00;73.02;G
2023-02-01;12:00:00;69.65;G
2023-02-01;13:00:00;45.57;G
2023-02-01;14:00:00;34.61;G
2023-02-01;15:00:00;2.44;G
2023-02-01;16:00:00;0.01;G
2023-02-01;17:00:00;0.00;G
2023-02-01;18:00:00;0.00;G
2023-02-01;19:00:00;0.00;G
2023-02-01;20:00:00;0.00;G
2023-02-01;21:00:00;0.00;G
2023-02-01;22:00:00;0.00;G
2023-02-01;23:00:00;0.00;G
2023-02-02;00:00:00;0.00;G
2023-02-02;01:00:00;0.00;G
2023-02-02;02:00:00;0.00;G
2023-02-02;03:00:00;0.00;G
2023-02-02;04:00:00;0.00;G
2023-02-02;05:00:00;0.00;G
2023-02-02;06:00:00;0.00;G
2023-02-02;07:00:00;0.75;G
2023-02-02;08:00:00;7.25;G
2023-02-02;09:00:00;25.08;G
2023-02-02;10:00:00;60.26;G
2023-02-02;11:00:00;90.33;G
2023-02-02;12:00:00;91.78;G
2023-02-02;13:00:00;59.21;G
2023-02-02;14:00:00;13.82;G
2023-02-02;15:00:00;2.01;G
2023-02-02;16:00:00;0.01;G
2023-02-02;17:00:00;0.00;G
2023-02-02;18:00:00;0.00;G
2023-02-02;19:00:00;0.00;G
2023-02-02;20:00:00;0.00;G
2023-02-02;21:00:00;0.00;G
2023-02-02;22:00:00;0.00;G
2023-02-02;23:00:00;0.00;G
2023-02-03;00:00:00;0.00;G
2023-02-03;01:00:00;0.00;G
2023-02-03;02:00:00;0.00;G
2023-02-03;03:00:00;0.00;G
2023-02-03;04:00:00;0.00;G
2023-02-03;05:00:00;0.00;G
2023-02-03;06:00:00;0.00;G
2023-02-03;07:00:00;0.55;G
2023-02-03;08:00:00;9.36;G
2023-02-03;09:00:00;50.78;G
2023-02-03;10:00:00;95.85;G
2023-02-03;11:00:00;117.22;G
2023-02-03;12:00:00;103.86;G
2023-02-03;13:00:00;75.78;G
2023-02-03;14:00:00;28.53;G
2023-02-03;15:00:00;3.34;G
2023-02-03;16:00:00;0.00;G
2023-02-03;17:00:00;0.00;G
2023-02-03;18:00:00;0.00;G
2023-02-03;19:00:00;0.00;G
2023-02-03;20:00:00;0.00;G
2023-02-03;21:00:00;0.00;G
2023-02-03;22:00:00;0.00;G
2023-02-03;23:00:00;0.00;G
2023-02-04;00:00:00;0.00;G
2023-02-04;01:00:00;0.00;G
2023-02-04;02:00:00;0.00;G
2023-02-04;03:00:00;0.00;G
2023-02-04;04:00:00;0.00;G
2023-02-04;05:00:00;0.00;G
2023-02-04;06:00:00;0.00;G
2023-02-04;07:00:00;0.77;G
2023-02-04;08:00:00;24.14;G
2023-02-04;09:00:00;68.32;G
2023-02-04;10:00:00;76.26;G
2023-02-04;11:00:00;89.13;G
2023-02-04;12:00:00;93.76;G
2023-02-04;13:00:00;62.34;G
2023-02-04;14:00:00;26.10;G
2023-02-04;15:00:00;2.93;G
2023-02-04;16:00:00;0.09;G
2023-02-04;17:00:00;0.00;G
2023-02-04;18:00:00;0.00;G
2023-02-04;19:00:00;0.00;G
2023-02-04;20:00:00;0.00;G
2023-02-04;21:00:00;0.00;G
2023-02-04;22:00:00;0.00;G
2023-02-04;23:00:00;0.00;G
2023-02-05;00:00:00;0.00;G
2023-02-05;01:00:00;0.00;G
2023-02-05;02:00:00;0.00;G
2023-02-05;03:00:00;0.00;G
2023-02-05;04:00:00;0.00;G
2023-02-05;05:00:00;0.00;G
2023-02-05;06:00:00;0.00;G
2023-02-05;07:00:00;1.10;G
2023-02-05;08:00:00;8.09;G
2023-02-05;09:00:00;37.06;G
2023-02-05;10:00:00;51.82;G
2023-02-05;11:00:00;48.76;G
2023-02-05;12:00:00;44.32;G
2023-02-05;13:00:00;42.17;G
2023-02-05;14:00:00;18.65;G
2023-02-05;15:00:00;6.28;G
2023-02-05;16:00:00;0.07;G
2023-02-05;17:00:00;0.00;G
2023-02-05;18:00:00;0.00;G
2023-02-05;19:00:00;0.00;G
2023-02-05;20:00:00;0.00;G
2023-02-05;21:00:00;0.00;G
2023-02-05;22:00:00;0.00;G
2023-02-05;23:00:00;0.00;G
2023-02-06;00:00:00;0.00;G
2023-02-06;01:00:00;0.00;G
2023-02-06;02:00:00;0.00;G
2023-02-06;03:00:00;0.00;G
2023-02-06;04:00:00;0.00;G
2023-02-06;05:00:00;0.00;G
2023-02-06;06:00:00;0.00;G
2023-02-06;07:00:00;1.40;G
2023-02-06;08:00:00;17.39;G
2023-02-06;09:00:00;86.41;G
2023-02-06;10:00:00;85.59;G
2023-02-06;11:00:00;91.15;G
2023-02-06;12:00:00;74.80;G
2023-02-06;13:00:00;55.53;G
2023-02-06;14:00:00;22.13;G
2023-02-06;15:00:00;2.56;G
2023-02-06;16:00:00;0.17;G
2023-02-06;17:00:00;0.00;G
2023-02-06;18:00:00;0.00;G
2023-02-06;19:00:00;0.00;G
2023-02-06;20:00:00;0.00;G
2023-02-06;21:00:00;0.00;G
2023-02-06;22:00:00;0.00;G
2023-02-06;23:00:00;0.00;G
2023-02-07;00:00:00;0.00;G
2023-02-07;01:00:00;0.00;G
2023-02-07;02:00:00;0.00;G
2023-02-07;03:00:00;0.00;G
2023-02-07;04:00:00;0.00;G
2023-02-07;05:00:00;0.00;G
2023-02-07;06:00:00;0.00;G
2023-02-07;07:00:00;1.16;G
2023-02-07;08:00:00;12.84;G
2023-02-07;09:00:00;35.63;G
2023-02-07;10:00:00;58.59;G
2023-02-07;11:00:00;69.20;G
2023-02-07;12:00:00;70.98;G
2023-02-07;13:00:00;61.73;G
2023-02-07;14:00:00;27.96;G
2023-02-07;15:00:00;4.61;G
2023-02-07;16:00:00;0.01;G
2023-02-07;17:00:00;0.00;G
2023-02-07;18:00:00;0.00;G
2023-02-07;19:00:00;0.00;G
2023-02-07;20:00:00;0.00;G
2023-02-07;21:00:00;0.00;G
2023-02-07;22:00:00;0.00;G
2023-02-07;23:00:00;0.00;G
2023-02-08;00:00:00;0.00;G
2023-02-08;01:00:00;0.00;G
2023-02-08;02:00:00;0.00;G
2023-02-08;03:00:00;0.00;G
2023-02-08;04:00:00;0.00;G
2023-02-08;05:00:00;0.00;G
2023-02-08;06:00:00;0.00;G
2023-02-08;07:00:00;2.76;G
2023-02-08;08:00:00;26.65;G
2023-02-08;09:00:00;63.41;G
2023-02-08;10:00:00;63.61;G
2023-02-08;11:00:00;72.21;G
2023-02-08;12:00:00;68.62;G
2023-02-08;13:00:00;55.37;G
2023-02-08;14:00:00;27.48;G
2023-02-08;15:00:00;4.25;G
2023-02-08;16:00:00;0.03;G
2023-02-08;17:00:00;0.00;G
2023-02-08;18:00:00;0.00;G
2023-02-08;19:00:00;0.00;G
2023-02-08;20:00:00;0.00;G
2023-02-08;21:00:00;0.00;G
2023-02-08;22:00:00;0.00;G
2023-02-08;23:00:00;0.00;G
2023-02-09;00:00:00;0.00;G
2023-02-09;01:00:00;0.00;G
2023-02-09;02:00:00;0.00;G
2023-02-09;03:00:00;0.00;G
2023-02-09;04:00:00;0.00;G
2023-02-09;05:00:00;0.00;G
2023-02-09;06:00:00;0.00;G
2023-02-09;07:00:00;0.32;G
2023-02-09;08:00:00;7.15;G
2023-02-09;09:00:00;26.57;G
2023-02-09;10:00:00;50.70;G
2023-02-09;11:00:00;72.15;G
2023-02-09;12:00:00;90.79;G
2023-02-09;13:00:00;107.94;G
2023-02-09;14:00:00;53.94;G
2023-02-09;15:00:00;8.69;G
2023-02-09;16:00:00;0.07;G
2023-02-09;17:00:00;0.00;G
2023-02-09;18:00:00;0.00;G
2023-02-09;19:00:00;0.00;G
2023-02-09;20:00:00;0.00;G
2023-02-09;21:00:00;0.00;G
2023-02-09;22:00:00;0.00;G
2023-02-09;23:00:00;0.00;G
2023-02-10;00:00:00;0.00;G
2023-02-10;01:00:00;0.00;G
2023-02-10;02:00:00;0.00;G
2023-02-10;03:00:00;0.00;G
2023-02-10;04:00:00;0.00;G
2023-02-10;05:00:00;0.00;G
2023-02-10;06:00:00;0.00;G
2023-02-10;07:00:00;1.35;G
2023-02-10;08:00:00;17.19;G
2023-02-10;09:00:00;69.80;G
2023-02-10;10:00:00;133.06;G
2023-02-10;11:00:00;160.09;G
2023-02-10;12:00:00;151.30;G
2023-02-10;13:00:00;113.30;G
2023-02-10;14:00:00;60.35;G
2023-02-10;15:00:00;10.06;G
2023-02-10;16:00:00;0.05;G
2023-02-10;17:00:00;0.00;G
2023-02-10;18:00:00;0.00;G
2023-02-10;19:00:00;0.00;G
2023-02-10;20:00:00;0.00;G
2023-02-10;21:00:00;0.00;G
2023-02-10;22:00:00;0.00;G
2023-02-10;23:00:00;0.00;G
2023-02-11;00:00:00;0.00;G
2023-02-11;01:00:00;0.00;G
2023-02-11;02:00:00;0.00;G
2023-02-11;03:00:00;0.00;G
2023-02-11;04:00:00;0.00;G
2023-02-11;05:00:00;0.00;G
2023-02-11;06:00:00;0.00;G
2023-02-11;07:00:00;2.58;G
2023-02-11;08:00:00;31.90;G
2023-02-11;09:00:00;83.14;G
2023-02-11;10:00:00;141.69;G
2023-02-11;11:00:00;163.27;G
2023-02-11;12:00:00;160.17;G
2023-02-11;13:00:00;111.68;G
2023-02-11;14:00:00;34.54;G
2023-02-11;15:00:00;6.94;G
2023-02-11;16:00:00;0.08;G
2023-02-11;17:00:00;0.00;G
2023-02-11;18:00:00;0.00;G
2023-02-11;19:00:00;0.00;G
2023-02-11;20:00:00;0.00;G
2023-02-11;21:00:00;0.00;G
2023-02-11;22:00:00;0.00;G
2023-02-11;23:00:00;0.00;G
2023-02-12;00:00:00;0.00;G
2023-02-12;01:00:00;0.00;G
2023-02-12;02:00:00;0.00;G
2023-02-12;03:00:00;0.00;G
2023-02-12;04:00:00;0.00;G
2023-02-12;05:00:00;0.00;G
2023-02-12;06:00:00;0.32;G
2023-02-12;07:00:00;3.00;G
2023-02-12;08:00:00;19.27;G
2023-02-12;09:00:00;49.03;G
2023-02-12;10:00:00;40.14;G
2023-02-12;11:00:00;37.01;G
2023-02-12;12:00:00;46.91;G
2023-02-12;13:00:00;77.00;G
2023-02-12;14:00:00;42.15;G
2023-02-12;15:00:00;10.66;G
2023-02-12;16:00:00;0.97;G
2023-02-12;17:00:00;0.00;G
2023-02-12;18:00:00;0.00;G
2023-02-12;19:00:00;0.00;G
2023-02-12;20:00:00;0.00;G
2023-02-12;21:00:00;0.00;G
2023-02-12;22:00:00;0.00;G
2023-02-12;23:00:00;0.00;G
2023-02-13;00:00:00;0.00;G
2023-02-13;01:00:00;0.00;G
2023-02-13;02:00:00;0.00;G
2023-02-13;03:00:00;0.00;G
2023-02-13;04:00:00;0.00;G
2023-02-13;05:00:00;0.00;G
2023-02-13;06:00:00;0.00;G
2023-02-13;07:00:00;4.71;G
2023-02-13;08:00:00;37.12;G
2023-02-13;09:00:00;92.31;G
2023-02-13;10:00:00;138.72;G
2023-02-13;11:00:00;132.66;G
2023-02-13;12:00:00;169.66;G
2023-02-13;13:00:00;114.29;G
2023-02-13;14:00:00;35.15;G
2023-02-13;15:00:00;9.02;G
2023-02-13;16:00:00;0.33;G
2023-02-13;17:00:00;0.00;G
2023-02-13;18:00:00;0.00;G
2023-02-13;19:00:00;0.00;G
2023-02-13;20:00:00;0.00;G
2023-02-13;21:00:00;0.00;G
2023-02-13;22:00:00;0.00;G
2023-02-13;23:00:00;0.00;G
2023-02-14;00:00:00;0.00;G
2023-02-14;01:00:00;0.00;G
2023-02-14;02:00:00;0.00;G
2023-02-14;03:00:00;0.00;G
2023-02-14;04:00:00;0.00;G
2023-02-14;05:00:00;0.00;G
2023-02-14;06:00:00;0.01;G
2023-02-14;07:00:00;4.22;G
2023-02-14;08:00:00;39.77;G
2023-02-14;09:00:00;84.37;G
2023-02-14;10:00:00;95.87;G
2023-02-14;11:00:00;132.02;G
2023-02-14;12:00:00;102.99;G
2023-02-14;13:00:00;88.75;G
2023-02-14;14:00:00;77.98;G
2023-02-14;15:00:00;24.51;G
2023-02-14;16:00:00;0.74;G
2023-02-14;17:00:00;0.00;G
2023-02-14;18:00:00;0.00;G
2023-02-14;19:00:00;0.00;G
2023-02-14;20:00:00;0.00;G
2023-02-14;21:00:00;0.00;G
2023-02-14;22:00:00;0.00;G
2023-02-14;23:00:00;0.00;G
2023-02-15;00:00:00;0.00;G
2023-02-15;01:00:00;0.00;G
2023-02-15;02:00:00;0.00;G
2023-02-15;03:00:00;0.00;G
2023-02-15;04:00:00;0.00;G
2023-02-15;05:00:00;0.00;G
2023-02-15;06:00:00;0.01;G
2023-02-15;07:00:00;5.81;G
2023-02-15;08:00:00;45.31;G
2023-02-15;09:00:00;99.48;G
2023-02-15;10:00:00;135.35;G
2023-02-15;11:00:00;174.64;G
2023-02-15;12:00:00;178.23;G
2023-02-15;13:00:00;128.36;G
2023-02-15;14:00:00;66.98;G
2023-02-15;15:00:00;14.57;G
2023-02-15;16:00:00;1.19;G
2023-02-15;17:00:00;0.00;G
2023-02-15;18:00:00;0.00;G
2023-02-15;19:00:00;0.00;G
2023-02-15;20:00:00;0.00;G
2023-02-15;21:00:00;0.00;G
2023-02-15;22:00:00;0.00;G
2023-02-15;23:00:00;0.00;G
2023-02-16;00:00:00;0.00;G
2023-02-16;01:00:00;0.00;G
2023-02-16;02:00:00;0.00;G
2023-02-16;03:00:00;0.00;G
2023-02-16;04:00:00;0.00;G
2023-02-16;05:00:00;0.00;G
2023-02-16;06:00:00;0.11;G
2023-02-16;07:00:00;2.77;G
2023-02-16;08:00:00;13.44;G
2023-02-16;09:00:00;24.92;G
2023-02-16;10:00:00;34.64;G
2023-02-16;11:00:00;32.64;G
2023-02-16;12:00:00;23.99;G
2023-02-16;13:00:00;18.08;G
2023-02-16;14:00:00;12.47;G
2023-02-16;15:00:00;7.70;G
2023-02-16;16:00:00;0.77;G
2023-02-16;17:00:00;0.00;G
2023-02-16;18:00:00;0.00;G
2023-02-16;19:00:00;0.00;G
2023-02-16;20:00:00;0.00;G
2023-02-16;21:00:00;0.00;G
2023-02-16;22:00:00;0.00;G
2023-02-16;23:00:00;0.00;G
2023-02-17;00:00:00;0.00;G
2023-02-17;01:00:00;0.00;G
2023-02-17;02:00:00;0.00;G
2023-02-17;03:00:00;0.00;G
2023-02-17;04:00:00;0.00;G
2023-02-17;05:00:00;0.00;G
2023-02-17;06:00:00;0.01;G
2023-02-17;07:00:00;6.00;G
2023-02-17;08:00:00;53.77;G
2023-02-17;09:00:00;123.92;G
2023-02-17;10:00:00;175.52;G
2023-02-17;11:00:00;198.68;G
2023-02-17;12:00:00;189.65;G
2023-02-17;13:00:00;130.91;G
2023-02-17;14:00:00;70.64;G
2023-02-17;15:00:00;9.90;G
2023-02-17;16:00:00;0.82;G
2023-02-17;17:00:00;0.02;G
2023-02-17;18:00:00;0.00;G
2023-02-17;19:00:00;0.00;G
2023-02-17;20:00:00;0.00;G
2023-02-17;21:00:00;0.00;G
2023-02-17;22:00:00;0.00;G
2023-02-17;23:00:00;0.00;G
2023-02-18;00:00:00;0.00;G
2023-02-18;01:00:00;0.00;G
2023-02-18;02:00:00;0.00;G
2023-02-18;03:00:00;0.00;G
2023-02-18;04:00:00;0.00;G
2023-02-18;05:00:00;0.00;G
2023-02-18;06:00:00;0.00;G
2023-02-18;07:00:00;2.83;G
2023-02-18;08:00:00;19.30;G
2023-02-18;09:00:00;37.46;G
2023-02-18;10:00:00;61.22;G
2023-02-18;11:00:00;64.62;G
2023-02-18;12:00:00;64.99;G
2023-02-18;13:00:00;52.99;G
2023-02-18;14:00:00;36.38;G
2023-02-18;15:00:00;12.00;G
2023-02-18;16:00:00;0.58;G
2023-02-18;17:00:00;0.00;G
2023-02-18;18:00:00;0.00;G
2023-02-18;19:00:00;0.00;G
2023-02-18;20:00:00;0.00;G
2023-02-18;21:00:00;0.00;G
2023-02-18;22:00:00;0.00;G
2023-02-18;23:00:00;0.00;G
2023-02-19;00:00:00;0.00;G
2023-02-19;01:00:00;0.00;G
2023-02-19;02:00:00;0.00;G
2023-02-19;03:00:00;0.00;G
2023-02-19;04:00:00;0.00;G
2023-02-19;05:00:00;0.00;G
2023-02-19;06:00:00;0.23;G
2023-02-19;07:00:00;12.71;G
2023-02-19;08:00:00;45.54;G
2023-02-19;09:00:00;78.98;G
2023-02-19;10:00:00;95.34;G
2023-02-19;11:00:00;97.58;G
2023-02-19;12:00:00;97.95;G
2023-02-19;13:00:00;71.50;G
2023-02-19;14:00:00;48.56;G
2023-02-19;15:00:00;18.73;G
2023-02-19;16:00:00;1.88;G
2023-02-19;17:00:00;0.00;G
2023-02-19;18:00:00;0.00;G
2023-02-19;19:00:00;0.00;G
2023-02-19;20:00:00;0.00;G
2023-02-19;21:00:00;0.00;G
2023-02-19;22:00:00;0.00;G
2023-02-19;23:00:00;0.00;G
2023-02-20;00:00:00;0.00;G
2023-02-20;01:00:00;0.00;G
2023-02-20;02:00:00;0.00;G
2023-02-20;03:00:00;0.00;G
2023-02-20;04:00:00;0.00;G
2023-02-20;05:00:00;0.00;G
2023-02-20;06:00:00;0.14;G
2023-02-20;07:00:00;8.49;G
2023-02-20;08:00:00;30.27;G
2023-02-20;09:00:00;66.86;G
2023-02-20;10:00:00;85.23;G
2023-02-20;11:00:00;112.94;G
2023-02-20;12:00:00;127.39;G
2023-02-20;13:00:00;86.49;G
2023-02-20;14:00:00;41.17;G
2023-02-20;15:00:00;15.17;G
2023-02-20;16:00:00;1.24;G
2023-02-20;17:00:00;0.01;G
2023-02-20;18:00:00;0.00;G
2023-02-20;19:00:00;0.00;G
2023-02-20;20:00:00;0.00;G
2023-02-20;21:00:00;0.00;G
2023-02-20;22:00:00;0.00;G
2023-02-20;23:00:00;0.00;G
2023-02-21;00:00:00;0.00;G
2023-02-21;01:00:00;0.00;G
2023-02-21;02:00:00;0.00;G
2023-02-21;03:00:00;0.00;G
2023-02-21;04:00:00;0.00;G
2023-02-21;05:00:00;0.00;G
2023-02-21;06:00:00;0.20;G
2023-02-21;07:00:00;12.75;G
2023-02-21;08:00:00;63.55;G
2023-02-21;09:00:00;60.53;G
2023-02-21;10:00:00;88.83;G
2023-02-21;11:00:00;125.58;G
2023-02-21;12:00:00;148.93;G
2023-02-21;13:00:00;169.44;G
2023-02-21;14:00:00;114.75;G
2023-02-21;15:00:00;32.25;G
2023-02-21;16:00:00;4.51;G
2023-02-21;17:00:00;0.04;G
2023-02-21;18:00:00;0.00;G
2023-02-21;19:00:00;0.00;G
2023-02-21;20:00:00;0.00;G
2023-02-21;21:00:00;0.00;G
2023-02-21;22:00:00;0.00;G
2023-02-21;23:00:00;0.00;G
2023-02-22;00:00:00;0.00;G
2023-02-22;01:00:00;0.00;G
2023-02-22;02:00:00;0.00;G
2023-02-22;03:00:00;0.00;G
2023-02-22;04:00:00;0.00;G
2023-02-22;05:00:00;0.00;G
2023-02-22;06:00:00;0.85;G
2023-02-22;07:00:00;13.90;G
2023-02-22;08:00:00;56.93;G
2023-02-22;09:00:00;113.42;G
2023-02-22;10:00:00;132.20;G
2023-02-22;11:00:00;167.24;G
2023-02-22;12:00:00;142.61;G
2023-02-22;13:00:00;156.84;G
2023-02-22;14:00:00;92.87;G
2023-02-22;15:00:00;27.33;G
2023-02-22;16:00:00;2.42;G
2023-02-22;17:00:00;0.00;G
2023-02-22;18:00:00;0.00;G
2023-02-22;19:00:00;0.00;G
2023-02-22;20:00:00;0.00;G
2023-02-22;21:00:00;0.00;G
2023-02-22;22:00:00;0.00;G
2023-02-22;23:00:00;0.00;G
2023-02-23;00:00:00;0.00;G
2023-02-23;01:00:00;0.00;G
2023-02-23;02:00:00;0.00;G
2023-02-23;03:00:00;0.00;G
2023-02-23;04:00:00;0.00;G
2023-02-23;05:00:00;0.00;G
2023-02-23;06:00:00;0.82;G
2023-02-23;07:00:00;8.52;G
2023-02-23;08:00:00;29.18;G
2023-02-23;09:00:00;65.11;G
2023-02-23;10:00:00;115.98;G
2023-02-23;11:00:00;214.12;G
2023-02-23;12:00:00;233.96;G
2023-02-23;13:00:00;194.22;G
2023-02-23;14:00:00;126.14;G
2023-02-23;15:00:00;50.83;G
2023-02-23;16:00:00;3.84;G
2023-02-23;17:00:00;0.00;G
2023-02-23;18:00:00;0.00;G
2023-02-23;19:00:00;0.00;G
2023-02-23;20:00:00;0.00;G
2023-02-23;21:00:00;0.00;G
2023-02-23;22:00:00;0.00;G
2023-02-23;23:00:00;0.00;G
2023-02-24;00:00:00;0.00;G
2023-02-24;01:00:00;0.00;G
2023-02-24;02:00:00;0.00;G
2023-02-24;03:00:00;0.00;G
2023-02-24;04:00:00;0.00;G
2023-02-24;05:00:00;0.00;G
2023-02-24;06:00:00;1.05;G
2023-02-24;07:00:00;26.38;G
2023-02-24;08:00:00;99.59;G
2023-02-24;09:00:00;175.15;G
2023-02-24;10:00:00;228.37;G
2023-02-24;11:00:00;248.15;G
2023-02-24;12:00:00;178.17;G
2023-02-24;13:00:00;236.14;G
2023-02-24;14:00:00;118.97;G
2023-02-24;15:00:00;55.97;G
2023-02-24;16:00:00;4.13;G
2023-02-24;17:00:00;0.05;G
2023-02-24;18:00:00;0.00;G
2023-02-24;19:00:00;0.00;G
2023-02-24;20:00:00;0.00;G
2023-02-24;21:00:00;0.00;G
2023-02-24;22:00:00;0.00;G
2023-02-24;23:00:00;0.00;G
2023-02-25;00:00:00;0.00;G
2023-02-25;01:00:00;0.00;G
2023-02-25;02:00:00;0.00;G
2023-02-25;03:00:00;0.00;G
2023-02-25;04:00:00;0.00;G
2023-02-25;05:00:00;0.00;G
2023-02-25;06:00:00;0.90;G
2023-02-25;07:00:00;30.28;G
2023-02-25;08:00:00;104.52;G
2023-02-25;09:00:00;219.15;G
2023-02-25;10:00:00;137.09;G
2023-02-25;11:00:00;164.18;G
2023-02-25;12:00:00;173.39;G
2023-02-25;13:00:00;188.20;G
2023-02-25;14:00:00;109.96;G
2023-02-25;15:00:00;47.22;G
2023-02-25;16:00:00;5.61;G
2023-02-25;17:00:00;0.41;G
2023-02-25;18:00:00;0.00;G
2023-02-25;19:00:00;0.00;G
2023-02-25;20:00:00;0.00;G
2023-02-25;21:00:00;0.00;G
2023-02-25;22:00:00;0.00;G
2023-02-25;23:00:00;0.00;G
2023-02-26;00:00:00;0.00;G
2023-02-26;01:00:00;0.00;G
2023-02-26;02:00:00;0.00;G
2023-02-26;03:00:00;0.00;G
2023-02-26;04:00:00;0.00;G
2023-02-26;05:00:00;0.01;G
2023-02-26;06:00:00;2.24;G
2023-02-26;07:00:00;21.88;G
2023-02-26;08:00:00;58.26;G
2023-02-26;09:00:00;111.59;G
2023-02-26;10:00:00;134.67;G
2023-02-26;11:00:00;252.45;G
2023-02-26;12:00:00;199.66;G
2023-02-26;13:00:00;171.66;G
2023-02-26;14:00:00;95.49;G
2023-02-26;15:00:00;42.06;G
2023-02-26;16:00:00;7.30;G
2023-02-26;17:00:00;0.16;G
2023-02-26;18:00:00;0.00;G
2023-02-26;19:00:00;0.00;G
2023-02-26;20:00:00;0.00;G
2023-02-26;21:00:00;0.00;G
2023-02-26;22:00:00;0.00;G
2023-02-26;23:00:00;0.00;G
2023-02-27;00:00:00;0.00;G
2023-02-27;01:00:00;0.91;Y
2023-02-27;02:00:00;0.60;Y
2023-02-27;03:00:00;1.18;Y
2023-02-27;04:00:00;0.79;Y
2023-02-27;05:00:00;0.79;Y
2023-02-27;06:00:00;3.96;Y
2023-02-27;07:00:00;37.75;Y
2023-02-27;08:00:00;78.89;Y
2023-02-27;09:00:00;106.73;Y
2023-02-27;10:00:00;110.06;Y
2023-02-27;11:00:00;109.80;Y
2023-02-27;12:00:00;98.12;Y
2023-02-27;13:00:00;84.61;Y
2023-02-27;14:00:00;86.84;Y
2023-02-27;15:00:00;41.21;Y
2023-02-27;16:00:00;6.50;Y
2023-02-27;17:00:00;-1.30;Y
2023-02-27;18:00:00;-1.23;Y
2023-02-27;19:00:00;-0.91;Y
2023-02-27;20:00:00;-1.18;Y
2023-02-27;21:00:00;-0.66;Y
2023-02-27;22:00:00;0.72;Y
2023-02-27;23:00:00;0.10;Y
2023-02-28;00:00:00;-0.94;Y
2023-02-28;01:00:00;-0.45;Y
2023-02-28;02:00:00;-0.13;Y
2023-02-28;03:00:00;0.21;Y
2023-02-28;04:00:00;0.06;Y
2023-02-28;05:00:00;0.25;Y
2023-02-28;06:00:00;2.93;Y
